execve("/usr/local/bin/celery", ["celery", "-A", "astra_sales", "worker", "-c", "1"], 0x7ffe59cc48b8 /* 39 vars */) = 0
brk(NULL)                               = 0x555ba50a4000
mmap(NULL, 8192, PROT_READ|PROT_WRITE, MAP_PRIVATE|MAP_ANONYMOUS, -1, 0) = 0x7d62b961e000
readlinkat(AT_FDCWD, "/proc/self/exe", "/usr/local/bin/python3.12", 4096) = 25
access("/etc/ld.so.preload", R_OK)      = -1 ENOENT (No such file or directory)
openat(AT_FDCWD, "/usr/local/bin/../lib/glibc-hwcaps/x86-64-v3/libpython3.12.so.1.0", O_RDONLY|O_CLOEXEC) = -1 ENOENT (No such file or directory)
newfstatat(AT_FDCWD, "/usr/local/bin/../lib/glibc-hwcaps/x86-64-v3/", 0x7ffdb1b19e70, 0) = -1 ENOENT (No such file or directory)
openat(AT_FDCWD, "/usr/local/bin/../lib/glibc-hwcaps/x86-64-v2/libpython3.12.so.1.0", O_RDONLY|O_CLOEXEC) = -1 ENOENT (No such file or directory)
newfstatat(AT_FDCWD, "/usr/local/bin/../lib/glibc-hwcaps/x86-64-v2/", 0x7ffdb1b19e70, 0) = -1 ENOENT (No such file or directory)
openat(AT_FDCWD, "/usr/local/bin/../lib/libpython3.12.so.1.0", O_RDONLY|O_CLOEXEC) = 3
read(3, "\177ELF\2\1\1\0\0\0\0\0\0\0\0\0\3\0>\0\1\0\0\0\0\0\0\0\0\0\0\0"..., 832) = 832
fstat(3, {st_mode=S_IFREG|0755, st_size=6630672, ...}) = 0
mmap(NULL, 6637848, PROT_READ, MAP_PRIVATE|MAP_DENYWRITE, 3, 0) = 0x7d62b8fc9000
mmap(0x7d62b90c9000, 2224128, PROT_READ|PROT_EXEC, MAP_PRIVATE|MAP_FIXED|MAP_DENYWRITE, 3, 0x100000) = 0x7d62b90c9000
mmap(0x7d62b92e8000, 1372160, PROT_READ, MAP_PRIVATE|MAP_FIXED|MAP_DENYWRITE, 3, 0x31f000) = 0x7d62b92e8000
mmap(0x7d62b9437000, 1990656, PROT_READ|PROT_WRITE, MAP_PRIVATE|MAP_FIXED|MAP_DENYWRITE, 3, 0x46d000) = 0x7d62b9437000
mmap(0x7d62b961d000, 2328, PROT_READ|PROT_WRITE, MAP_PRIVATE|MAP_FIXED|MAP_ANONYMOUS, -1, 0) = 0x7d62b961d000
close(3)                                = 0
openat(AT_FDCWD, "/usr/local/bin/../lib/libc.so.6", O_RDONLY|O_CLOEXEC) = -1 ENOENT (No such file or directory)
openat(AT_FDCWD, "/etc/ld.so.cache", O_RDONLY|O_CLOEXEC) = 3
fstat(3, {st_mode=S_IFREG|0644, st_size=7267, ...}) = 0
mmap(NULL, 7267, PROT_READ, MAP_PRIVATE, 3, 0) = 0x7d62b8fc7000
close(3)                                = 0
openat(AT_FDCWD, "/lib/x86_64-linux-gnu/libc.so.6", O_RDONLY|O_CLOEXEC) = 3
read(3, "\177ELF\2\1\1\3\0\0\0\0\0\0\0\0\3\0>\0\1\0\0\0p\236\2\0\0\0\0\0"..., 832) = 832
pread64(3, "\6\0\0\0\4\0\0\0@\0\0\0\0\0\0\0@\0\0\0\0\0\0\0@\0\0\0\0\0\0\0"..., 840, 64) = 840
fstat(3, {st_mode=S_IFREG|0755, st_size=1995216, ...}) = 0
pread64(3, "\6\0\0\0\4\0\0\0@\0\0\0\0\0\0\0@\0\0\0\0\0\0\0@\0\0\0\0\0\0\0"..., 840, 64) = 840
mmap(NULL, 2047568, PROT_READ, MAP_PRIVATE|MAP_DENYWRITE, 3, 0) = 0x7d62b8dd3000
mmap(0x7d62b8dfb000, 1454080, PROT_READ|PROT_EXEC, MAP_PRIVATE|MAP_FIXED|MAP_DENYWRITE, 3, 0x28000) = 0x7d62b8dfb000
mmap(0x7d62b8f5e000, 352256, PROT_READ, MAP_PRIVATE|MAP_FIXED|MAP_DENYWRITE, 3, 0x18b000) = 0x7d62b8f5e000
mmap(0x7d62b8fb4000, 24576, PROT_READ|PROT_WRITE, MAP_PRIVATE|MAP_FIXED|MAP_DENYWRITE, 3, 0x1e0000) = 0x7d62b8fb4000
mmap(0x7d62b8fba000, 52816, PROT_READ|PROT_WRITE, MAP_PRIVATE|MAP_FIXED|MAP_ANONYMOUS, -1, 0) = 0x7d62b8fba000
close(3)                                = 0
openat(AT_FDCWD, "/lib/x86_64-linux-gnu/libm.so.6", O_RDONLY|O_CLOEXEC) = 3
read(3, "\177ELF\2\1\1\3\0\0\0\0\0\0\0\0\3\0>\0\1\0\0\0\0\0\0\0\0\0\0\0"..., 832) = 832
fstat(3, {st_mode=S_IFREG|0644, st_size=977112, ...}) = 0
mmap(NULL, 978968, PROT_READ, MAP_PRIVATE|MAP_DENYWRITE, 3, 0) = 0x7d62b8ce3000
mmap(0x7d62b8cf4000, 512000, PROT_READ|PROT_EXEC, MAP_PRIVATE|MAP_FIXED|MAP_DENYWRITE, 3, 0x11000) = 0x7d62b8cf4000
mmap(0x7d62b8d71000, 393216, PROT_READ, MAP_PRIVATE|MAP_FIXED|MAP_DENYWRITE, 3, 0x8e000) = 0x7d62b8d71000
mmap(0x7d62b8dd1000, 8192, PROT_READ|PROT_WRITE, MAP_PRIVATE|MAP_FIXED|MAP_DENYWRITE, 3, 0xed000) = 0x7d62b8dd1000
close(3)                                = 0
mmap(NULL, 8192, PROT_READ|PROT_WRITE, MAP_PRIVATE|MAP_ANONYMOUS, -1, 0) = 0x7d62b8ce1000
arch_prctl(ARCH_SET_FS, 0x7d62b8ce2340) = 0
set_tid_address(0x7d62b8ce2610)         = 186
set_robust_list(0x7d62b8ce2620, 24)     = 0
rseq(0x7d62b8ce2280, 0x20, 0, 0x53053053) = 0
mprotect(0x7d62b8fb4000, 16384, PROT_READ) = 0
mprotect(0x7d62b8dd1000, 4096, PROT_READ) = 0
mprotect(0x7d62b9437000, 487424, PROT_READ) = 0
mprotect(0x555b87a9a000, 4096, PROT_READ) = 0
mprotect(0x7d62b965c000, 8192, PROT_READ) = 0
prlimit64(0, RLIMIT_STACK, NULL, {rlim_cur=8192*1024, rlim_max=RLIM64_INFINITY}) = 0
munmap(0x7d62b8fc7000, 7267)            = 0
getrandom("\x8a\x64\x04\x13\xb0\x5e\x3c\x5b", 8, GRND_NONBLOCK) = 8
brk(NULL)                               = 0x555ba50a4000
brk(0x555ba50c5000)                     = 0x555ba50c5000
openat(AT_FDCWD, "/usr/lib/locale/locale-archive", O_RDONLY|O_CLOEXEC) = -1 ENOENT (No such file or directory)
openat(AT_FDCWD, "/usr/share/locale/locale.alias", O_RDONLY|O_CLOEXEC) = -1 ENOENT (No such file or directory)
openat(AT_FDCWD, "/usr/lib/locale/C.UTF-8/LC_CTYPE", O_RDONLY|O_CLOEXEC) = -1 ENOENT (No such file or directory)
openat(AT_FDCWD, "/usr/lib/locale/C.utf8/LC_CTYPE", O_RDONLY|O_CLOEXEC) = 3
fstat(3, {st_mode=S_IFREG|0644, st_size=367708, ...}) = 0
mmap(NULL, 367708, PROT_READ, MAP_PRIVATE, 3, 0) = 0x7d62b8c87000
close(3)                                = 0
openat(AT_FDCWD, "/usr/lib/x86_64-linux-gnu/gconv/gconv-modules.cache", O_RDONLY|O_CLOEXEC) = 3
fstat(3, {st_mode=S_IFREG|0644, st_size=27028, ...}) = 0
mmap(NULL, 27028, PROT_READ, MAP_SHARED, 3, 0) = 0x7d62b8c80000
close(3)                                = 0
futex(0x7d62b8fb972c, FUTEX_WAKE_PRIVATE, 2147483647) = 0
rt_sigprocmask(SIG_BLOCK, ~[], [], 8)   = 0
mmap(NULL, 4096, PROT_READ|PROT_WRITE, MAP_DROPPABLE|MAP_ANONYMOUS, -1, 0) = 0x7d62b8fc8000
mmap(NULL, 4096, PROT_READ|PROT_WRITE, MAP_PRIVATE|MAP_ANONYMOUS, -1, 0) = 0x7d62b8fc7000
rt_sigprocmask(SIG_SETMASK, [], NULL, 8) = 0
getrandom("\xa4\x0a\xef\x9a\x7e\x70\xab\xea\x62\x6f\x2f\xfb\xb8\xdb\xf5\x84\x44\x63\x77\x35\xd2\xaa\xaa\xc9\xc6\x7d\x43\xd4\xb0\x6a\x51\x95", 32, 0) = 32
gettid()                                = 186
mmap(NULL, 1048576, PROT_READ|PROT_WRITE, MAP_PRIVATE|MAP_ANONYMOUS, -1, 0) = 0x7d62b8b80000
mmap(NULL, 266240, PROT_READ|PROT_WRITE, MAP_PRIVATE|MAP_ANONYMOUS, -1, 0) = 0x7d62b8b3f000
mmap(NULL, 135168, PROT_READ|PROT_WRITE, MAP_PRIVATE|MAP_ANONYMOUS, -1, 0) = 0x7d62b8b1e000
brk(0x555ba50e6000)                     = 0x555ba50e6000
brk(0x555ba5107000)                     = 0x555ba5107000
mmap(NULL, 16384, PROT_READ|PROT_WRITE, MAP_PRIVATE|MAP_ANONYMOUS, -1, 0) = 0x7d62b8b1a000
openat(AT_FDCWD, "/usr/local/pyvenv.cfg", O_RDONLY) = -1 ENOENT (No such file or directory)
openat(AT_FDCWD, "/usr/local/bin/pyvenv.cfg", O_RDONLY) = -1 ENOENT (No such file or directory)
readlink("/usr/local/bin/python3.12", 0x7ffdb1b15340, 4096) = -1 EINVAL (Invalid argument)
openat(AT_FDCWD, "/usr/local/bin/python3.12._pth", O_RDONLY) = -1 ENOENT (No such file or directory)
openat(AT_FDCWD, "/usr/local/bin/python3.12._pth", O_RDONLY) = -1 ENOENT (No such file or directory)
openat(AT_FDCWD, "/usr/local/bin/pybuilddir.txt", O_RDONLY) = -1 ENOENT (No such file or directory)
newfstatat(AT_FDCWD, "/usr/local/bin/Modules/Setup.local", 0x7ffdb1b1a330, 0) = -1 ENOENT (No such file or directory)
newfstatat(AT_FDCWD, "/usr/local/bin/lib/python312.zip", 0x7ffdb1b1a020, 0) = -1 ENOENT (No such file or directory)
newfstatat(AT_FDCWD, "/usr/local/lib/python312.zip", 0x7ffdb1b1a0a0, 0) = -1 ENOENT (No such file or directory)
newfstatat(AT_FDCWD, "/usr/lib/python312.zip", 0x7ffdb1b1a0a0, 0) = -1 ENOENT (No such file or directory)
newfstatat(AT_FDCWD, "/usr/local/bin/lib/python3.12/os.py", 0x7ffdb1b1a0a0, 0) = -1 ENOENT (No such file or directory)
newfstatat(AT_FDCWD, "/usr/local/bin/lib/python3.12/os.pyc", 0x7ffdb1b1a0a0, 0) = -1 ENOENT (No such file or directory)
newfstatat(AT_FDCWD, "/usr/local/lib/python3.12/os.py", {st_mode=S_IFREG|0644, st_size=40821, ...}, 0) = 0
newfstatat(AT_FDCWD, "/usr/local/bin/lib/python3.12/lib-dynload", 0x7ffdb1b1a0a8, 0) = -1 ENOENT (No such file or directory)
newfstatat(AT_FDCWD, "/usr/local/lib/python3.12/lib-dynload", {st_mode=S_IFDIR|0755, st_size=4096, ...}, 0) = 0
newfstatat(AT_FDCWD, "/usr/local/lib/python3.12/lib-dynload", {st_mode=S_IFDIR|0755, st_size=4096, ...}, 0) = 0
brk(0x555ba5128000)                     = 0x555ba5128000
openat(AT_FDCWD, "/etc/localtime", O_RDONLY|O_CLOEXEC) = 3
fstat(3, {st_mode=S_IFREG|0644, st_size=114, ...}) = 0
fstat(3, {st_mode=S_IFREG|0644, st_size=114, ...}) = 0
read(3, "TZif2\0\0\0\0\0\0\0\0\0\0\0\0\0\0\0\0\0\0\0\0\0\0\0\0\0\0\0"..., 4096) = 114
lseek(3, -60, SEEK_CUR)                 = 54
read(3, "TZif2\0\0\0\0\0\0\0\0\0\0\0\0\0\0\0\0\0\0\0\0\0\0\0\0\0\0\0"..., 4096) = 60
close(3)                                = 0
newfstatat(AT_FDCWD, "/usr/local/lib/python312.zip", 0x7ffdb1b19ad0, 0) = -1 ENOENT (No such file or directory)
newfstatat(AT_FDCWD, "/usr/local/lib", {st_mode=S_IFDIR|0755, st_size=4096, ...}, 0) = 0
newfstatat(AT_FDCWD, "/usr/local/lib/python312.zip", 0x7ffdb1b19e80, 0) = -1 ENOENT (No such file or directory)
newfstatat(AT_FDCWD, "/usr/local/lib/python3.12", {st_mode=S_IFDIR|0755, st_size=4096, ...}, 0) = 0
newfstatat(AT_FDCWD, "/usr/local/lib/python3.12", {st_mode=S_IFDIR|0755, st_size=4096, ...}, 0) = 0
newfstatat(AT_FDCWD, "/usr/local/lib/python3.12", {st_mode=S_IFDIR|0755, st_size=4096, ...}, 0) = 0
openat(AT_FDCWD, "/usr/local/lib/python3.12", O_RDONLY|O_NONBLOCK|O_CLOEXEC|O_DIRECTORY) = 3
fstat(3, {st_mode=S_IFDIR|0755, st_size=4096, ...}) = 0
getdents64(3, 0x555ba510b1c0 /* 203 entries */, 32768) = 6744
getdents64(3, 0x555ba510b1c0 /* 0 entries */, 32768) = 0
close(3)                                = 0
newfstatat(AT_FDCWD, "/usr/local/lib/python3.12/encodings/__init__.cpython-312-x86_64-linux-gnu.so", 0x7ffdb1b19e80, 0) = -1 ENOENT (No such file or directory)
newfstatat(AT_FDCWD, "/usr/local/lib/python3.12/encodings/__init__.abi3.so", 0x7ffdb1b19e80, 0) = -1 ENOENT (No such file or directory)
newfstatat(AT_FDCWD, "/usr/local/lib/python3.12/encodings/__init__.so", 0x7ffdb1b19e80, 0) = -1 ENOENT (No such file or directory)
newfstatat(AT_FDCWD, "/usr/local/lib/python3.12/encodings/__init__.py", {st_mode=S_IFREG|0644, st_size=5884, ...}, 0) = 0
newfstatat(AT_FDCWD, "/usr/local/lib/python3.12/encodings/__init__.py", {st_mode=S_IFREG|0644, st_size=5884, ...}, 0) = 0
openat(AT_FDCWD, "/usr/local/lib/python3.12/encodings/__pycache__/__init__.cpython-312.pyc", O_RDONLY|O_CLOEXEC) = -1 ENOENT (No such file or directory)
openat(AT_FDCWD, "/usr/local/lib/python3.12/encodings/__init__.py", O_RDONLY|O_CLOEXEC) = 3
fcntl(3, F_GETFD)                       = 0x1 (flags FD_CLOEXEC)
fstat(3, {st_mode=S_IFREG|0644, st_size=5884, ...}) = 0
ioctl(3, TCGETS, 0x7ffdb1b19be0)        = -1 ENOTTY (Inappropriate ioctl for device)
lseek(3, 0, SEEK_CUR)                   = 0
lseek(3, 0, SEEK_CUR)                   = 0
fstat(3, {st_mode=S_IFREG|0644, st_size=5884, ...}) = 0
read(3, "\"\"\" Standard \"encodings\" Package"..., 5885) = 5884
read(3, "", 1)                          = 0
close(3)                                = 0
brk(0x555ba5149000)                     = 0x555ba5149000
mmap(NULL, 1048576, PROT_READ|PROT_WRITE, MAP_PRIVATE|MAP_ANONYMOUS, -1, 0) = 0x7d62b8a1a000
brk(0x555ba516a000)                     = 0x555ba516a000
brk(0x555ba518c000)                     = 0x555ba518c000
newfstatat(AT_FDCWD, "/usr/local/lib/python3.12/encodings", {st_mode=S_IFDIR|0755, st_size=4096, ...}, 0) = 0
newfstatat(AT_FDCWD, "/usr/local/lib/python3.12/encodings", {st_mode=S_IFDIR|0755, st_size=4096, ...}, 0) = 0
newfstatat(AT_FDCWD, "/usr/local/lib/python3.12/encodings", {st_mode=S_IFDIR|0755, st_size=4096, ...}, 0) = 0
openat(AT_FDCWD, "/usr/local/lib/python3.12/encodings", O_RDONLY|O_NONBLOCK|O_CLOEXEC|O_DIRECTORY) = 3
fstat(3, {st_mode=S_IFDIR|0755, st_size=4096, ...}) = 0
getdents64(3, 0x555ba516b730 /* 125 entries */, 32768) = 4224
getdents64(3, 0x555ba516b730 /* 0 entries */, 32768) = 0
close(3)                                = 0
newfstatat(AT_FDCWD, "/usr/local/lib/python3.12/encodings/aliases.py", {st_mode=S_IFREG|0644, st_size=15677, ...}, 0) = 0
newfstatat(AT_FDCWD, "/usr/local/lib/python3.12/encodings/aliases.py", {st_mode=S_IFREG|0644, st_size=15677, ...}, 0) = 0
openat(AT_FDCWD, "/usr/local/lib/python3.12/encodings/__pycache__/aliases.cpython-312.pyc", O_RDONLY|O_CLOEXEC) = -1 ENOENT (No such file or directory)
openat(AT_FDCWD, "/usr/local/lib/python3.12/encodings/aliases.py", O_RDONLY|O_CLOEXEC) = 3
fstat(3, {st_mode=S_IFREG|0644, st_size=15677, ...}) = 0
ioctl(3, TCGETS, 0x7ffdb1b19010)        = -1 ENOTTY (Inappropriate ioctl for device)
lseek(3, 0, SEEK_CUR)                   = 0
lseek(3, 0, SEEK_CUR)                   = 0
fstat(3, {st_mode=S_IFREG|0644, st_size=15677, ...}) = 0
read(3, "\"\"\" Encoding Aliases Support\n\n  "..., 15678) = 15677
read(3, "", 1)                          = 0
close(3)                                = 0
brk(0x555ba51ad000)                     = 0x555ba51ad000
brk(0x555ba51cf000)                     = 0x555ba51cf000
brk(0x555ba51f0000)                     = 0x555ba51f0000
brk(0x555ba5218000)                     = 0x555ba5218000
brk(0x555ba5211000)                     = 0x555ba5211000
newfstatat(AT_FDCWD, "/usr/local/lib/python3.12/encodings", {st_mode=S_IFDIR|0755, st_size=4096, ...}, 0) = 0
newfstatat(AT_FDCWD, "/usr/local/lib/python3.12/encodings/utf_8.py", {st_mode=S_IFREG|0644, st_size=1005, ...}, 0) = 0
newfstatat(AT_FDCWD, "/usr/local/lib/python3.12/encodings/utf_8.py", {st_mode=S_IFREG|0644, st_size=1005, ...}, 0) = 0
openat(AT_FDCWD, "/usr/local/lib/python3.12/encodings/__pycache__/utf_8.cpython-312.pyc", O_RDONLY|O_CLOEXEC) = -1 ENOENT (No such file or directory)
openat(AT_FDCWD, "/usr/local/lib/python3.12/encodings/utf_8.py", O_RDONLY|O_CLOEXEC) = 3
fstat(3, {st_mode=S_IFREG|0644, st_size=1005, ...}) = 0
ioctl(3, TCGETS, 0x7ffdb1b19bc0)        = -1 ENOTTY (Inappropriate ioctl for device)
lseek(3, 0, SEEK_CUR)                   = 0
lseek(3, 0, SEEK_CUR)                   = 0
fstat(3, {st_mode=S_IFREG|0644, st_size=1005, ...}) = 0
read(3, "\"\"\" Python 'utf-8' Codec\n\n\nWritt"..., 1006) = 1005
read(3, "", 1)                          = 0
close(3)                                = 0
rt_sigaction(SIGPIPE, {sa_handler=SIG_IGN, sa_mask=[], sa_flags=SA_RESTORER|SA_ONSTACK, sa_restorer=0x7d62b8e12df0}, {sa_handler=SIG_DFL, sa_mask=[], sa_flags=0}, 8) = 0
rt_sigaction(SIGXFSZ, {sa_handler=SIG_IGN, sa_mask=[], sa_flags=SA_RESTORER|SA_ONSTACK, sa_restorer=0x7d62b8e12df0}, {sa_handler=SIG_DFL, sa_mask=[], sa_flags=0}, 8) = 0
rt_sigaction(SIGHUP, NULL, {sa_handler=SIG_DFL, sa_mask=[], sa_flags=0}, 8) = 0
rt_sigaction(SIGINT, NULL, {sa_handler=SIG_DFL, sa_mask=[], sa_flags=0}, 8) = 0
rt_sigaction(SIGQUIT, NULL, {sa_handler=SIG_DFL, sa_mask=[], sa_flags=0}, 8) = 0
rt_sigaction(SIGILL, NULL, {sa_handler=SIG_DFL, sa_mask=[], sa_flags=0}, 8) = 0
rt_sigaction(SIGTRAP, NULL, {sa_handler=SIG_DFL, sa_mask=[], sa_flags=0}, 8) = 0
rt_sigprocmask(SIG_BLOCK, ~[], [], 8)   = 0
rt_sigaction(SIGABRT, NULL, {sa_handler=SIG_DFL, sa_mask=[], sa_flags=0}, 8) = 0
rt_sigprocmask(SIG_SETMASK, [], NULL, 8) = 0
rt_sigaction(SIGBUS, NULL, {sa_handler=SIG_DFL, sa_mask=[], sa_flags=0}, 8) = 0
rt_sigaction(SIGFPE, NULL, {sa_handler=SIG_DFL, sa_mask=[], sa_flags=0}, 8) = 0
rt_sigaction(SIGKILL, NULL, {sa_handler=SIG_DFL, sa_mask=[], sa_flags=0}, 8) = 0
rt_sigaction(SIGUSR1, NULL, {sa_handler=SIG_DFL, sa_mask=[], sa_flags=0}, 8) = 0
rt_sigaction(SIGSEGV, NULL, {sa_handler=SIG_DFL, sa_mask=[], sa_flags=0}, 8) = 0
rt_sigaction(SIGUSR2, NULL, {sa_handler=SIG_DFL, sa_mask=[], sa_flags=0}, 8) = 0
rt_sigaction(SIGPIPE, NULL, {sa_handler=SIG_IGN, sa_mask=[], sa_flags=SA_RESTORER|SA_ONSTACK, sa_restorer=0x7d62b8e12df0}, 8) = 0
rt_sigaction(SIGALRM, NULL, {sa_handler=SIG_DFL, sa_mask=[], sa_flags=0}, 8) = 0
rt_sigaction(SIGTERM, NULL, {sa_handler=SIG_DFL, sa_mask=[], sa_flags=0}, 8) = 0
rt_sigaction(SIGSTKFLT, NULL, {sa_handler=SIG_DFL, sa_mask=[], sa_flags=0}, 8) = 0
rt_sigaction(SIGCHLD, NULL, {sa_handler=SIG_DFL, sa_mask=[], sa_flags=0}, 8) = 0
rt_sigaction(SIGCONT, NULL, {sa_handler=SIG_DFL, sa_mask=[], sa_flags=0}, 8) = 0
rt_sigaction(SIGSTOP, NULL, {sa_handler=SIG_DFL, sa_mask=[], sa_flags=0}, 8) = 0
rt_sigaction(SIGTSTP, NULL, {sa_handler=SIG_DFL, sa_mask=[], sa_flags=0}, 8) = 0
rt_sigaction(SIGTTIN, NULL, {sa_handler=SIG_DFL, sa_mask=[], sa_flags=0}, 8) = 0
rt_sigaction(SIGTTOU, NULL, {sa_handler=SIG_DFL, sa_mask=[], sa_flags=0}, 8) = 0
rt_sigaction(SIGURG, NULL, {sa_handler=SIG_DFL, sa_mask=[], sa_flags=0}, 8) = 0
rt_sigaction(SIGXCPU, NULL, {sa_handler=SIG_DFL, sa_mask=[], sa_flags=0}, 8) = 0
rt_sigaction(SIGXFSZ, NULL, {sa_handler=SIG_IGN, sa_mask=[], sa_flags=SA_RESTORER|SA_ONSTACK, sa_restorer=0x7d62b8e12df0}, 8) = 0
rt_sigaction(SIGVTALRM, NULL, {sa_handler=SIG_DFL, sa_mask=[], sa_flags=0}, 8) = 0
rt_sigaction(SIGPROF, NULL, {sa_handler=SIG_DFL, sa_mask=[], sa_flags=0}, 8) = 0
rt_sigaction(SIGWINCH, NULL, {sa_handler=SIG_DFL, sa_mask=[], sa_flags=0}, 8) = 0
rt_sigaction(SIGIO, NULL, {sa_handler=SIG_DFL, sa_mask=[], sa_flags=0}, 8) = 0
rt_sigaction(SIGPWR, NULL, {sa_handler=SIG_DFL, sa_mask=[], sa_flags=0}, 8) = 0
rt_sigaction(SIGSYS, NULL, {sa_handler=SIG_DFL, sa_mask=[], sa_flags=0}, 8) = 0
rt_sigaction(SIGRT_2, NULL, {sa_handler=SIG_DFL, sa_mask=[], sa_flags=0}, 8) = 0
rt_sigaction(SIGRT_3, NULL, {sa_handler=SIG_DFL, sa_mask=[], sa_flags=0}, 8) = 0
rt_sigaction(SIGRT_4, NULL, {sa_handler=SIG_DFL, sa_mask=[], sa_flags=0}, 8) = 0
rt_sigaction(SIGRT_5, NULL, {sa_handler=SIG_DFL, sa_mask=[], sa_flags=0}, 8) = 0
rt_sigaction(SIGRT_6, NULL, {sa_handler=SIG_DFL, sa_mask=[], sa_flags=0}, 8) = 0
rt_sigaction(SIGRT_7, NULL, {sa_handler=SIG_DFL, sa_mask=[], sa_flags=0}, 8) = 0
rt_sigaction(SIGRT_8, NULL, {sa_handler=SIG_DFL, sa_mask=[], sa_flags=0}, 8) = 0
rt_sigaction(SIGRT_9, NULL, {sa_handler=SIG_DFL, sa_mask=[], sa_flags=0}, 8) = 0
rt_sigaction(SIGRT_10, NULL, {sa_handler=SIG_DFL, sa_mask=[], sa_flags=0}, 8) = 0
rt_sigaction(SIGRT_11, NULL, {sa_handler=SIG_DFL, sa_mask=[], sa_flags=0}, 8) = 0
rt_sigaction(SIGRT_12, NULL, {sa_handler=SIG_DFL, sa_mask=[], sa_flags=0}, 8) = 0
rt_sigaction(SIGRT_13, NULL, {sa_handler=SIG_DFL, sa_mask=[], sa_flags=0}, 8) = 0
rt_sigaction(SIGRT_14, NULL, {sa_handler=SIG_DFL, sa_mask=[], sa_flags=0}, 8) = 0
rt_sigaction(SIGRT_15, NULL, {sa_handler=SIG_DFL, sa_mask=[], sa_flags=0}, 8) = 0
rt_sigaction(SIGRT_16, NULL, {sa_handler=SIG_DFL, sa_mask=[], sa_flags=0}, 8) = 0
rt_sigaction(SIGRT_17, NULL, {sa_handler=SIG_DFL, sa_mask=[], sa_flags=0}, 8) = 0
rt_sigaction(SIGRT_18, NULL, {sa_handler=SIG_DFL, sa_mask=[], sa_flags=0}, 8) = 0
rt_sigaction(SIGRT_19, NULL, {sa_handler=SIG_DFL, sa_mask=[], sa_flags=0}, 8) = 0
rt_sigaction(SIGRT_20, NULL, {sa_handler=SIG_DFL, sa_mask=[], sa_flags=0}, 8) = 0
rt_sigaction(SIGRT_21, NULL, {sa_handler=SIG_DFL, sa_mask=[], sa_flags=0}, 8) = 0
rt_sigaction(SIGRT_22, NULL, {sa_handler=SIG_DFL, sa_mask=[], sa_flags=0}, 8) = 0
rt_sigaction(SIGRT_23, NULL, {sa_handler=SIG_DFL, sa_mask=[], sa_flags=0}, 8) = 0
rt_sigaction(SIGRT_24, NULL, {sa_handler=SIG_DFL, sa_mask=[], sa_flags=0}, 8) = 0
rt_sigaction(SIGRT_25, NULL, {sa_handler=SIG_DFL, sa_mask=[], sa_flags=0}, 8) = 0
rt_sigaction(SIGRT_26, NULL, {sa_handler=SIG_DFL, sa_mask=[], sa_flags=0}, 8) = 0
rt_sigaction(SIGRT_27, NULL, {sa_handler=SIG_DFL, sa_mask=[], sa_flags=0}, 8) = 0
rt_sigaction(SIGRT_28, NULL, {sa_handler=SIG_DFL, sa_mask=[], sa_flags=0}, 8) = 0
rt_sigaction(SIGRT_29, NULL, {sa_handler=SIG_DFL, sa_mask=[], sa_flags=0}, 8) = 0
rt_sigaction(SIGRT_30, NULL, {sa_handler=SIG_DFL, sa_mask=[], sa_flags=0}, 8) = 0
rt_sigaction(SIGRT_31, NULL, {sa_handler=SIG_DFL, sa_mask=[], sa_flags=0}, 8) = 0
rt_sigaction(SIGRT_32, NULL, {sa_handler=SIG_DFL, sa_mask=[], sa_flags=0}, 8) = 0
rt_sigaction(SIGINT, {sa_handler=0x7d62b914f1de, sa_mask=[], sa_flags=SA_RESTORER|SA_ONSTACK, sa_restorer=0x7d62b8e12df0}, {sa_handler=SIG_DFL, sa_mask=[], sa_flags=0}, 8) = 0
fstat(0, {st_mode=S_IFCHR|0666, st_rdev=makedev(0x1, 0x3), ...}) = 0
fcntl(0, F_GETFD)                       = 0
fstat(0, {st_mode=S_IFCHR|0666, st_rdev=makedev(0x1, 0x3), ...}) = 0
ioctl(0, TCGETS, 0x7ffdb1b1a290)        = -1 ENOTTY (Inappropriate ioctl for device)
lseek(0, 0, SEEK_CUR)                   = 0
ioctl(0, TCGETS, 0x7ffdb1b1a570)        = -1 ENOTTY (Inappropriate ioctl for device)
fcntl(1, F_GETFD)                       = 0
fstat(1, {st_mode=S_IFIFO|0600, st_size=0, ...}) = 0
ioctl(1, TCGETS, 0x7ffdb1b1a570)        = -1 ENOTTY (Inappropriate ioctl for device)
lseek(1, 0, SEEK_CUR)                   = -1 ESPIPE (Illegal seek)
fcntl(2, F_GETFD)                       = 0
fstat(2, {st_mode=S_IFREG|0644, st_size=20619, ...}) = 0
ioctl(2, TCGETS, 0x7ffdb1b1a570)        = -1 ENOTTY (Inappropriate ioctl for device)
lseek(2, 0, SEEK_CUR)                   = 20772
lseek(2, 0, SEEK_CUR)                   = 20820
newfstatat(AT_FDCWD, "/usr/local/bin/pyvenv.cfg", 0x7ffdb1b19930, 0) = -1 ENOENT (No such file or directory)
newfstatat(AT_FDCWD, "/usr/local/pyvenv.cfg", 0x7ffdb1b199b0, 0) = -1 ENOENT (No such file or directory)
geteuid()                               = 0
getuid()                                = 0
getegid()                               = 0
getgid()                                = 0
newfstatat(AT_FDCWD, "/root/.local/lib/python3.12/site-packages", 0x7ffdb1b19c10, 0) = -1 ENOENT (No such file or directory)
newfstatat(AT_FDCWD, "/usr/local/lib/python3.12/site-packages", {st_mode=S_IFDIR|0755, st_size=4096, ...}, 0) = 0
openat(AT_FDCWD, "/usr/local/lib/python3.12/site-packages", O_RDONLY|O_NONBLOCK|O_CLOEXEC|O_DIRECTORY) = 3
fstat(3, {st_mode=S_IFDIR|0755, st_size=4096, ...}) = 0
getdents64(3, 0x555ba516b730 /* 73 entries */, 32768) = 3016
getdents64(3, 0x555ba516b730 /* 0 entries */, 32768) = 0
close(3)                                = 0
newfstatat(AT_FDCWD, "/usr/local/lib/python3.12", {st_mode=S_IFDIR|0755, st_size=4096, ...}, 0) = 0
newfstatat(AT_FDCWD, "/usr/local/lib/python3.12/lib-dynload", {st_mode=S_IFDIR|0755, st_size=4096, ...}, 0) = 0
newfstatat(AT_FDCWD, "/usr/local/lib/python3.12/lib-dynload", {st_mode=S_IFDIR|0755, st_size=4096, ...}, 0) = 0
newfstatat(AT_FDCWD, "/usr/local/lib/python3.12/lib-dynload", {st_mode=S_IFDIR|0755, st_size=4096, ...}, 0) = 0
openat(AT_FDCWD, "/usr/local/lib/python3.12/lib-dynload", O_RDONLY|O_NONBLOCK|O_CLOEXEC|O_DIRECTORY) = 3
fstat(3, {st_mode=S_IFDIR|0755, st_size=4096, ...}) = 0
getdents64(3, 0x555ba516b730 /* 80 entries */, 32768) = 5048
getdents64(3, 0x555ba516b730 /* 0 entries */, 32768) = 0
close(3)                                = 0
newfstatat(AT_FDCWD, "/usr/local/lib/python3.12/site-packages", {st_mode=S_IFDIR|0755, st_size=4096, ...}, 0) = 0
newfstatat(AT_FDCWD, "/usr/local/lib/python3.12/site-packages", {st_mode=S_IFDIR|0755, st_size=4096, ...}, 0) = 0
newfstatat(AT_FDCWD, "/usr/local/lib/python3.12/site-packages", {st_mode=S_IFDIR|0755, st_size=4096, ...}, 0) = 0
openat(AT_FDCWD, "/usr/local/lib/python3.12/site-packages", O_RDONLY|O_NONBLOCK|O_CLOEXEC|O_DIRECTORY) = 3
fstat(3, {st_mode=S_IFDIR|0755, st_size=4096, ...}) = 0
getdents64(3, 0x555ba516d740 /* 73 entries */, 32768) = 3016
getdents64(3, 0x555ba516d740 /* 0 entries */, 32768) = 0
close(3)                                = 0
newfstatat(AT_FDCWD, "/usr/local/lib/python3.12", {st_mode=S_IFDIR|0755, st_size=4096, ...}, 0) = 0
newfstatat(AT_FDCWD, "/usr/local/lib/python3.12/lib-dynload", {st_mode=S_IFDIR|0755, st_size=4096, ...}, 0) = 0
newfstatat(AT_FDCWD, "/usr/local/lib/python3.12/site-packages", {st_mode=S_IFDIR|0755, st_size=4096, ...}, 0) = 0
newfstatat(AT_FDCWD, "/usr/local/bin/celery", {st_mode=S_IFREG|0755, st_size=223, ...}, 0) = 0
openat(AT_FDCWD, "/usr/local/bin/celery", O_RDONLY|O_CLOEXEC) = 3
fstat(3, {st_mode=S_IFREG|0755, st_size=223, ...}) = 0
ioctl(3, TCGETS, 0x7ffdb1b1a270)        = -1 ENOTTY (Inappropriate ioctl for device)
lseek(3, 0, SEEK_CUR)                   = 0
lseek(3, 0, SEEK_CUR)                   = 0
lseek(3, -22, SEEK_END)                 = 201
lseek(3, 0, SEEK_CUR)                   = 201
read(3, "\n    sys.exit(main())\n", 4096) = 22
lseek(3, 0, SEEK_END)                   = 223
lseek(3, 0, SEEK_CUR)                   = 223
lseek(3, 0, SEEK_SET)                   = 0
lseek(3, 0, SEEK_CUR)                   = 0
fstat(3, {st_mode=S_IFREG|0755, st_size=223, ...}) = 0
read(3, "#!/usr/local/bin/python3.12\n# -*"..., 224) = 223
read(3, "", 1)                          = 0
lseek(3, 0, SEEK_SET)                   = 0
close(3)                                = 0
newfstatat(AT_FDCWD, "/usr/local/bin/celery", {st_mode=S_IFREG|0755, st_size=223, ...}, 0) = 0
readlink("/usr/local/bin/celery", 0x7ffdb1b09a50, 4096) = -1 EINVAL (Invalid argument)
readlink("/usr", 0x7ffdb1b095f0, 1023)  = -1 EINVAL (Invalid argument)
readlink("/usr/local", 0x7ffdb1b095f0, 1023) = -1 EINVAL (Invalid argument)
readlink("/usr/local/bin", 0x7ffdb1b095f0, 1023) = -1 EINVAL (Invalid argument)
readlink("/usr/local/bin/celery", 0x7ffdb1b095f0, 1023) = -1 EINVAL (Invalid argument)
openat(AT_FDCWD, "/usr/local/bin/celery", O_RDONLY) = 3
ioctl(3, FIOCLEX)                       = 0
fstat(3, {st_mode=S_IFREG|0755, st_size=223, ...}) = 0
ioctl(3, TCGETS, 0x7ffdb1b1a9f0)        = -1 ENOTTY (Inappropriate ioctl for device)
lseek(3, 0, SEEK_CUR)                   = 0
fstat(3, {st_mode=S_IFREG|0755, st_size=223, ...}) = 0
read(3, "#!/usr/local/bin/python3.12\n# -*"..., 4096) = 223
lseek(3, 0, SEEK_SET)                   = 0
read(3, "#!/usr/local/bin/python3.12\n# -*"..., 4096) = 223
read(3, "", 4096)                       = 0
close(3)                                = 0
newfstatat(AT_FDCWD, "/usr/local/bin", {st_mode=S_IFDIR|0755, st_size=4096, ...}, 0) = 0
newfstatat(AT_FDCWD, "/usr/local/bin", {st_mode=S_IFDIR|0755, st_size=4096, ...}, 0) = 0
newfstatat(AT_FDCWD, "/usr/local/bin", {st_mode=S_IFDIR|0755, st_size=4096, ...}, 0) = 0
openat(AT_FDCWD, "/usr/local/bin", O_RDONLY|O_NONBLOCK|O_CLOEXEC|O_DIRECTORY) = 3
fstat(3, {st_mode=S_IFDIR|0755, st_size=4096, ...}) = 0
getdents64(3, 0x555ba5155b30 /* 26 entries */, 32768) = 824
getdents64(3, 0x555ba5155b30 /* 0 entries */, 32768) = 0
close(3)                                = 0
newfstatat(AT_FDCWD, "/usr/local/lib/python3.12", {st_mode=S_IFDIR|0755, st_size=4096, ...}, 0) = 0
newfstatat(AT_FDCWD, "/usr/local/lib/python3.12/re/__init__.cpython-312-x86_64-linux-gnu.so", 0x7ffdb1b1a120, 0) = -1 ENOENT (No such file or directory)
newfstatat(AT_FDCWD, "/usr/local/lib/python3.12/re/__init__.abi3.so", 0x7ffdb1b1a120, 0) = -1 ENOENT (No such file or directory)
newfstatat(AT_FDCWD, "/usr/local/lib/python3.12/re/__init__.so", 0x7ffdb1b1a120, 0) = -1 ENOENT (No such file or directory)
newfstatat(AT_FDCWD, "/usr/local/lib/python3.12/re/__init__.py", {st_mode=S_IFREG|0644, st_size=16315, ...}, 0) = 0
newfstatat(AT_FDCWD, "/usr/local/lib/python3.12/re/__init__.py", {st_mode=S_IFREG|0644, st_size=16315, ...}, 0) = 0
openat(AT_FDCWD, "/usr/local/lib/python3.12/re/__pycache__/__init__.cpython-312.pyc", O_RDONLY|O_CLOEXEC) = -1 ENOENT (No such file or directory)
openat(AT_FDCWD, "/usr/local/lib/python3.12/re/__init__.py", O_RDONLY|O_CLOEXEC) = 3
fstat(3, {st_mode=S_IFREG|0644, st_size=16315, ...}) = 0
ioctl(3, TCGETS, 0x7ffdb1b19e80)        = -1 ENOTTY (Inappropriate ioctl for device)
lseek(3, 0, SEEK_CUR)                   = 0
lseek(3, 0, SEEK_CUR)                   = 0
fstat(3, {st_mode=S_IFREG|0644, st_size=16315, ...}) = 0
read(3, "#\n# Secret Labs' Regular Express"..., 16316) = 16315
read(3, "", 1)                          = 0
close(3)                                = 0
newfstatat(AT_FDCWD, "/usr/local/bin", {st_mode=S_IFDIR|0755, st_size=4096, ...}, 0) = 0
newfstatat(AT_FDCWD, "/usr/local/lib/python3.12", {st_mode=S_IFDIR|0755, st_size=4096, ...}, 0) = 0
newfstatat(AT_FDCWD, "/usr/local/lib/python3.12/enum.py", {st_mode=S_IFREG|0644, st_size=81540, ...}, 0) = 0
newfstatat(AT_FDCWD, "/usr/local/lib/python3.12/enum.py", {st_mode=S_IFREG|0644, st_size=81540, ...}, 0) = 0
openat(AT_FDCWD, "/usr/local/lib/python3.12/__pycache__/enum.cpython-312.pyc", O_RDONLY|O_CLOEXEC) = -1 ENOENT (No such file or directory)
openat(AT_FDCWD, "/usr/local/lib/python3.12/enum.py", O_RDONLY|O_CLOEXEC) = 3
fstat(3, {st_mode=S_IFREG|0644, st_size=81540, ...}) = 0
ioctl(3, TCGETS, 0x7ffdb1b19730)        = -1 ENOTTY (Inappropriate ioctl for device)
lseek(3, 0, SEEK_CUR)                   = 0
lseek(3, 0, SEEK_CUR)                   = 0
fstat(3, {st_mode=S_IFREG|0644, st_size=81540, ...}) = 0
read(3, "import sys\nimport builtins as bl"..., 81541) = 81540
read(3, "", 1)                          = 0
close(3)                                = 0
brk(0x555ba5233000)                     = 0x555ba5233000
brk(0x555ba5257000)                     = 0x555ba5257000
brk(0x555ba5278000)                     = 0x555ba5278000
brk(0x555ba529d000)                     = 0x555ba529d000
brk(0x555ba52bf000)                     = 0x555ba52bf000
brk(0x555ba52e1000)                     = 0x555ba52e1000
brk(0x555ba52d4000)                     = 0x555ba52d4000
brk(0x555ba5300000)                     = 0x555ba5300000
brk(0x555ba5323000)                     = 0x555ba5323000
brk(0x555ba534d000)                     = 0x555ba534d000
brk(0x555ba537d000)                     = 0x555ba537d000
brk(0x555ba53b5000)                     = 0x555ba53b5000
mmap(NULL, 139264, PROT_READ|PROT_WRITE, MAP_PRIVATE|MAP_ANONYMOUS, -1, 0) = 0x7d62b89f8000
mmap(NULL, 135168, PROT_READ|PROT_WRITE, MAP_PRIVATE|MAP_ANONYMOUS, -1, 0) = 0x7d62b89d7000
mmap(NULL, 1048576, PROT_READ|PROT_WRITE, MAP_PRIVATE|MAP_ANONYMOUS, -1, 0) = 0x7d62b88d7000
brk(0x555ba53d7000)                     = 0x555ba53d7000
mremap(0x7d62b89f8000, 139264, 155648, MREMAP_MAYMOVE) = 0x7d62b88b1000
brk(0x555ba53f9000)                     = 0x555ba53f9000
mremap(0x7d62b88b1000, 155648, 176128, MREMAP_MAYMOVE) = 0x7d62b8886000
brk(0x555ba541b000)                     = 0x555ba541b000
brk(0x555ba543d000)                     = 0x555ba543d000
mremap(0x7d62b8886000, 176128, 196608, MREMAP_MAYMOVE) = 0x7d62b8886000
brk(0x555ba545f000)                     = 0x555ba545f000
brk(0x555ba5480000)                     = 0x555ba5480000
munmap(0x7d62b89d7000, 135168)          = 0
brk(0x555ba54a7000)                     = 0x555ba54a7000
munmap(0x7d62b8886000, 196608)          = 0
newfstatat(AT_FDCWD, "/usr/local/bin", {st_mode=S_IFDIR|0755, st_size=4096, ...}, 0) = 0
newfstatat(AT_FDCWD, "/usr/local/lib/python3.12", {st_mode=S_IFDIR|0755, st_size=4096, ...}, 0) = 0
newfstatat(AT_FDCWD, "/usr/local/lib/python3.12/types.py", {st_mode=S_IFREG|0644, st_size=10993, ...}, 0) = 0
newfstatat(AT_FDCWD, "/usr/local/lib/python3.12/types.py", {st_mode=S_IFREG|0644, st_size=10993, ...}, 0) = 0
openat(AT_FDCWD, "/usr/local/lib/python3.12/__pycache__/types.cpython-312.pyc", O_RDONLY|O_CLOEXEC) = -1 ENOENT (No such file or directory)
openat(AT_FDCWD, "/usr/local/lib/python3.12/types.py", O_RDONLY|O_CLOEXEC) = 3
fstat(3, {st_mode=S_IFREG|0644, st_size=10993, ...}) = 0
ioctl(3, TCGETS, 0x7ffdb1b18fe0)        = -1 ENOTTY (Inappropriate ioctl for device)
lseek(3, 0, SEEK_CUR)                   = 0
lseek(3, 0, SEEK_CUR)                   = 0
fstat(3, {st_mode=S_IFREG|0644, st_size=10993, ...}) = 0
read(3, "\"\"\"\nDefine names for built-in ty"..., 10994) = 10993
read(3, "", 1)                          = 0
close(3)                                = 0
newfstatat(AT_FDCWD, "/usr/local/bin", {st_mode=S_IFDIR|0755, st_size=4096, ...}, 0) = 0
newfstatat(AT_FDCWD, "/usr/local/lib/python3.12", {st_mode=S_IFDIR|0755, st_size=4096, ...}, 0) = 0
newfstatat(AT_FDCWD, "/usr/local/lib/python3.12/operator.py", {st_mode=S_IFREG|0644, st_size=10965, ...}, 0) = 0
newfstatat(AT_FDCWD, "/usr/local/lib/python3.12/operator.py", {st_mode=S_IFREG|0644, st_size=10965, ...}, 0) = 0
openat(AT_FDCWD, "/usr/local/lib/python3.12/__pycache__/operator.cpython-312.pyc", O_RDONLY|O_CLOEXEC) = -1 ENOENT (No such file or directory)
openat(AT_FDCWD, "/usr/local/lib/python3.12/operator.py", O_RDONLY|O_CLOEXEC) = 3
fstat(3, {st_mode=S_IFREG|0644, st_size=10965, ...}) = 0
ioctl(3, TCGETS, 0x7ffdb1b18fe0)        = -1 ENOTTY (Inappropriate ioctl for device)
lseek(3, 0, SEEK_CUR)                   = 0
lseek(3, 0, SEEK_CUR)                   = 0
fstat(3, {st_mode=S_IFREG|0644, st_size=10965, ...}) = 0
read(3, "\"\"\"\nOperator Interface\n\nThis mod"..., 10966) = 10965
read(3, "", 1)                          = 0
close(3)                                = 0
newfstatat(AT_FDCWD, "/usr/local/bin", {st_mode=S_IFDIR|0755, st_size=4096, ...}, 0) = 0
newfstatat(AT_FDCWD, "/usr/local/lib/python3.12", {st_mode=S_IFDIR|0755, st_size=4096, ...}, 0) = 0
newfstatat(AT_FDCWD, "/usr/local/lib/python3.12/functools.py", {st_mode=S_IFREG|0644, st_size=37940, ...}, 0) = 0
newfstatat(AT_FDCWD, "/usr/local/lib/python3.12/functools.py", {st_mode=S_IFREG|0644, st_size=37940, ...}, 0) = 0
openat(AT_FDCWD, "/usr/local/lib/python3.12/__pycache__/functools.cpython-312.pyc", O_RDONLY|O_CLOEXEC) = -1 ENOENT (No such file or directory)
openat(AT_FDCWD, "/usr/local/lib/python3.12/functools.py", O_RDONLY|O_CLOEXEC) = 3
fstat(3, {st_mode=S_IFREG|0644, st_size=37940, ...}) = 0
ioctl(3, TCGETS, 0x7ffdb1b18fe0)        = -1 ENOTTY (Inappropriate ioctl for device)
lseek(3, 0, SEEK_CUR)                   = 0
lseek(3, 0, SEEK_CUR)                   = 0
fstat(3, {st_mode=S_IFREG|0644, st_size=37940, ...}) = 0
read(3, "\"\"\"functools.py - Tools for work"..., 37941) = 37940
read(3, "", 1)                          = 0
close(3)                                = 0
newfstatat(AT_FDCWD, "/usr/local/bin", {st_mode=S_IFDIR|0755, st_size=4096, ...}, 0) = 0
newfstatat(AT_FDCWD, "/usr/local/lib/python3.12", {st_mode=S_IFDIR|0755, st_size=4096, ...}, 0) = 0
newfstatat(AT_FDCWD, "/usr/local/lib/python3.12/collections/__init__.cpython-312-x86_64-linux-gnu.so", 0x7ffdb1b18b30, 0) = -1 ENOENT (No such file or directory)
newfstatat(AT_FDCWD, "/usr/local/lib/python3.12/collections/__init__.abi3.so", 0x7ffdb1b18b30, 0) = -1 ENOENT (No such file or directory)
newfstatat(AT_FDCWD, "/usr/local/lib/python3.12/collections/__init__.so", 0x7ffdb1b18b30, 0) = -1 ENOENT (No such file or directory)
newfstatat(AT_FDCWD, "/usr/local/lib/python3.12/collections/__init__.py", {st_mode=S_IFREG|0644, st_size=52378, ...}, 0) = 0
newfstatat(AT_FDCWD, "/usr/local/lib/python3.12/collections/__init__.py", {st_mode=S_IFREG|0644, st_size=52378, ...}, 0) = 0
openat(AT_FDCWD, "/usr/local/lib/python3.12/collections/__pycache__/__init__.cpython-312.pyc", O_RDONLY|O_CLOEXEC) = -1 ENOENT (No such file or directory)
openat(AT_FDCWD, "/usr/local/lib/python3.12/collections/__init__.py", O_RDONLY|O_CLOEXEC) = 3
fstat(3, {st_mode=S_IFREG|0644, st_size=52378, ...}) = 0
ioctl(3, TCGETS, 0x7ffdb1b18890)        = -1 ENOTTY (Inappropriate ioctl for device)
lseek(3, 0, SEEK_CUR)                   = 0
lseek(3, 0, SEEK_CUR)                   = 0
fstat(3, {st_mode=S_IFREG|0644, st_size=52378, ...}) = 0
read(3, "'''This module implements specia"..., 52379) = 52378
read(3, "", 1)                          = 0
close(3)                                = 0
newfstatat(AT_FDCWD, "/usr/local/bin", {st_mode=S_IFDIR|0755, st_size=4096, ...}, 0) = 0
newfstatat(AT_FDCWD, "/usr/local/lib/python3.12", {st_mode=S_IFDIR|0755, st_size=4096, ...}, 0) = 0
newfstatat(AT_FDCWD, "/usr/local/lib/python3.12/keyword.py", {st_mode=S_IFREG|0644, st_size=1073, ...}, 0) = 0
newfstatat(AT_FDCWD, "/usr/local/lib/python3.12/keyword.py", {st_mode=S_IFREG|0644, st_size=1073, ...}, 0) = 0
openat(AT_FDCWD, "/usr/local/lib/python3.12/__pycache__/keyword.cpython-312.pyc", O_RDONLY|O_CLOEXEC) = -1 ENOENT (No such file or directory)
openat(AT_FDCWD, "/usr/local/lib/python3.12/keyword.py", O_RDONLY|O_CLOEXEC) = 3
fstat(3, {st_mode=S_IFREG|0644, st_size=1073, ...}) = 0
ioctl(3, TCGETS, 0x7ffdb1b18140)        = -1 ENOTTY (Inappropriate ioctl for device)
lseek(3, 0, SEEK_CUR)                   = 0
lseek(3, 0, SEEK_CUR)                   = 0
fstat(3, {st_mode=S_IFREG|0644, st_size=1073, ...}) = 0
read(3, "\"\"\"Keywords (from \"Grammar/pytho"..., 1074) = 1073
read(3, "", 1)                          = 0
close(3)                                = 0
newfstatat(AT_FDCWD, "/usr/local/bin", {st_mode=S_IFDIR|0755, st_size=4096, ...}, 0) = 0
newfstatat(AT_FDCWD, "/usr/local/lib/python3.12", {st_mode=S_IFDIR|0755, st_size=4096, ...}, 0) = 0
newfstatat(AT_FDCWD, "/usr/local/lib/python3.12/reprlib.py", {st_mode=S_IFREG|0644, st_size=7148, ...}, 0) = 0
newfstatat(AT_FDCWD, "/usr/local/lib/python3.12/reprlib.py", {st_mode=S_IFREG|0644, st_size=7148, ...}, 0) = 0
openat(AT_FDCWD, "/usr/local/lib/python3.12/__pycache__/reprlib.cpython-312.pyc", O_RDONLY|O_CLOEXEC) = -1 ENOENT (No such file or directory)
openat(AT_FDCWD, "/usr/local/lib/python3.12/reprlib.py", O_RDONLY|O_CLOEXEC) = 3
fstat(3, {st_mode=S_IFREG|0644, st_size=7148, ...}) = 0
ioctl(3, TCGETS, 0x7ffdb1b18140)        = -1 ENOTTY (Inappropriate ioctl for device)
lseek(3, 0, SEEK_CUR)                   = 0
lseek(3, 0, SEEK_CUR)                   = 0
fstat(3, {st_mode=S_IFREG|0644, st_size=7148, ...}) = 0
read(3, "\"\"\"Redo the builtin repr() (repr"..., 7149) = 7148
read(3, "", 1)                          = 0
close(3)                                = 0
newfstatat(AT_FDCWD, "/usr/local/lib/python3.12/re", {st_mode=S_IFDIR|0755, st_size=4096, ...}, 0) = 0
newfstatat(AT_FDCWD, "/usr/local/lib/python3.12/re", {st_mode=S_IFDIR|0755, st_size=4096, ...}, 0) = 0
newfstatat(AT_FDCWD, "/usr/local/lib/python3.12/re", {st_mode=S_IFDIR|0755, st_size=4096, ...}, 0) = 0
openat(AT_FDCWD, "/usr/local/lib/python3.12/re", O_RDONLY|O_NONBLOCK|O_CLOEXEC|O_DIRECTORY) = 3
fstat(3, {st_mode=S_IFDIR|0755, st_size=4096, ...}) = 0
getdents64(3, 0x555ba5155b30 /* 8 entries */, 32768) = 248
getdents64(3, 0x555ba5155b30 /* 0 entries */, 32768) = 0
close(3)                                = 0
newfstatat(AT_FDCWD, "/usr/local/lib/python3.12/re/_compiler.py", {st_mode=S_IFREG|0644, st_size=26399, ...}, 0) = 0
newfstatat(AT_FDCWD, "/usr/local/lib/python3.12/re/_compiler.py", {st_mode=S_IFREG|0644, st_size=26399, ...}, 0) = 0
openat(AT_FDCWD, "/usr/local/lib/python3.12/re/__pycache__/_compiler.cpython-312.pyc", O_RDONLY|O_CLOEXEC) = -1 ENOENT (No such file or directory)
openat(AT_FDCWD, "/usr/local/lib/python3.12/re/_compiler.py", O_RDONLY|O_CLOEXEC) = 3
fstat(3, {st_mode=S_IFREG|0644, st_size=26399, ...}) = 0
ioctl(3, TCGETS, 0x7ffdb1b192b0)        = -1 ENOTTY (Inappropriate ioctl for device)
lseek(3, 0, SEEK_CUR)                   = 0
lseek(3, 0, SEEK_CUR)                   = 0
fstat(3, {st_mode=S_IFREG|0644, st_size=26399, ...}) = 0
read(3, "#\n# Secret Labs' Regular Express"..., 26400) = 26399
read(3, "", 1)                          = 0
close(3)                                = 0
newfstatat(AT_FDCWD, "/usr/local/lib/python3.12/re", {st_mode=S_IFDIR|0755, st_size=4096, ...}, 0) = 0
newfstatat(AT_FDCWD, "/usr/local/lib/python3.12/re/_parser.py", {st_mode=S_IFREG|0644, st_size=41201, ...}, 0) = 0
newfstatat(AT_FDCWD, "/usr/local/lib/python3.12/re/_parser.py", {st_mode=S_IFREG|0644, st_size=41201, ...}, 0) = 0
openat(AT_FDCWD, "/usr/local/lib/python3.12/re/__pycache__/_parser.cpython-312.pyc", O_RDONLY|O_CLOEXEC) = -1 ENOENT (No such file or directory)
openat(AT_FDCWD, "/usr/local/lib/python3.12/re/_parser.py", O_RDONLY|O_CLOEXEC) = 3
fstat(3, {st_mode=S_IFREG|0644, st_size=41201, ...}) = 0
ioctl(3, TCGETS, 0x7ffdb1b186e0)        = -1 ENOTTY (Inappropriate ioctl for device)
lseek(3, 0, SEEK_CUR)                   = 0
lseek(3, 0, SEEK_CUR)                   = 0
fstat(3, {st_mode=S_IFREG|0644, st_size=41201, ...}) = 0
read(3, "#\n# Secret Labs' Regular Express"..., 41202) = 41201
read(3, "", 1)                          = 0
close(3)                                = 0
newfstatat(AT_FDCWD, "/usr/local/lib/python3.12/re", {st_mode=S_IFDIR|0755, st_size=4096, ...}, 0) = 0
newfstatat(AT_FDCWD, "/usr/local/lib/python3.12/re/_constants.py", {st_mode=S_IFREG|0644, st_size=5930, ...}, 0) = 0
newfstatat(AT_FDCWD, "/usr/local/lib/python3.12/re/_constants.py", {st_mode=S_IFREG|0644, st_size=5930, ...}, 0) = 0
openat(AT_FDCWD, "/usr/local/lib/python3.12/re/__pycache__/_constants.cpython-312.pyc", O_RDONLY|O_CLOEXEC) = -1 ENOENT (No such file or directory)
openat(AT_FDCWD, "/usr/local/lib/python3.12/re/_constants.py", O_RDONLY|O_CLOEXEC) = 3
fstat(3, {st_mode=S_IFREG|0644, st_size=5930, ...}) = 0
ioctl(3, TCGETS, 0x7ffdb1b17f90)        = -1 ENOTTY (Inappropriate ioctl for device)
lseek(3, 0, SEEK_CUR)                   = 0
lseek(3, 0, SEEK_CUR)                   = 0
fstat(3, {st_mode=S_IFREG|0644, st_size=5930, ...}) = 0
read(3, "#\n# Secret Labs' Regular Express"..., 5931) = 5930
read(3, "", 1)                          = 0
close(3)                                = 0
newfstatat(AT_FDCWD, "/usr/local/lib/python3.12/re", {st_mode=S_IFDIR|0755, st_size=4096, ...}, 0) = 0
newfstatat(AT_FDCWD, "/usr/local/lib/python3.12/re/_casefix.py", {st_mode=S_IFREG|0644, st_size=5444, ...}, 0) = 0
newfstatat(AT_FDCWD, "/usr/local/lib/python3.12/re/_casefix.py", {st_mode=S_IFREG|0644, st_size=5444, ...}, 0) = 0
openat(AT_FDCWD, "/usr/local/lib/python3.12/re/__pycache__/_casefix.cpython-312.pyc", O_RDONLY|O_CLOEXEC) = -1 ENOENT (No such file or directory)
openat(AT_FDCWD, "/usr/local/lib/python3.12/re/_casefix.py", O_RDONLY|O_CLOEXEC) = 3
fstat(3, {st_mode=S_IFREG|0644, st_size=5444, ...}) = 0
ioctl(3, TCGETS, 0x7ffdb1b18b60)        = -1 ENOTTY (Inappropriate ioctl for device)
lseek(3, 0, SEEK_CUR)                   = 0
lseek(3, 0, SEEK_CUR)                   = 0
fstat(3, {st_mode=S_IFREG|0644, st_size=5444, ...}) = 0
read(3, "# Auto-generated by Tools/build/"..., 5445) = 5444
read(3, "", 1)                          = 0
close(3)                                = 0
newfstatat(AT_FDCWD, "/usr/local/bin", {st_mode=S_IFDIR|0755, st_size=4096, ...}, 0) = 0
newfstatat(AT_FDCWD, "/usr/local/lib/python3.12", {st_mode=S_IFDIR|0755, st_size=4096, ...}, 0) = 0
newfstatat(AT_FDCWD, "/usr/local/lib/python3.12/copyreg.py", {st_mode=S_IFREG|0644, st_size=7614, ...}, 0) = 0
newfstatat(AT_FDCWD, "/usr/local/lib/python3.12/copyreg.py", {st_mode=S_IFREG|0644, st_size=7614, ...}, 0) = 0
openat(AT_FDCWD, "/usr/local/lib/python3.12/__pycache__/copyreg.cpython-312.pyc", O_RDONLY|O_CLOEXEC) = -1 ENOENT (No such file or directory)
openat(AT_FDCWD, "/usr/local/lib/python3.12/copyreg.py", O_RDONLY|O_CLOEXEC) = 3
fstat(3, {st_mode=S_IFREG|0644, st_size=7614, ...}) = 0
ioctl(3, TCGETS, 0x7ffdb1b19730)        = -1 ENOTTY (Inappropriate ioctl for device)
lseek(3, 0, SEEK_CUR)                   = 0
lseek(3, 0, SEEK_CUR)                   = 0
fstat(3, {st_mode=S_IFREG|0644, st_size=7614, ...}) = 0
read(3, "\"\"\"Helper to provide extensibili"..., 7615) = 7614
read(3, "", 1)                          = 0
close(3)                                = 0
newfstatat(AT_FDCWD, "/usr/local/bin", {st_mode=S_IFDIR|0755, st_size=4096, ...}, 0) = 0
newfstatat(AT_FDCWD, "/usr/local/bin/celery/__init__.cpython-312-x86_64-linux-gnu.so", 0x7ffdb1b19ca0, 0) = -1 ENOTDIR (Not a directory)
newfstatat(AT_FDCWD, "/usr/local/bin/celery/__init__.abi3.so", 0x7ffdb1b19ca0, 0) = -1 ENOTDIR (Not a directory)
newfstatat(AT_FDCWD, "/usr/local/bin/celery/__init__.so", 0x7ffdb1b19ca0, 0) = -1 ENOTDIR (Not a directory)
newfstatat(AT_FDCWD, "/usr/local/bin/celery/__init__.py", 0x7ffdb1b19ca0, 0) = -1 ENOTDIR (Not a directory)
newfstatat(AT_FDCWD, "/usr/local/bin/celery/__init__.pyc", 0x7ffdb1b19ca0, 0) = -1 ENOTDIR (Not a directory)
newfstatat(AT_FDCWD, "/usr/local/bin/celery", {st_mode=S_IFREG|0755, st_size=223, ...}, 0) = 0
newfstatat(AT_FDCWD, "/usr/local/lib/python3.12", {st_mode=S_IFDIR|0755, st_size=4096, ...}, 0) = 0
newfstatat(AT_FDCWD, "/usr/local/lib/python3.12/lib-dynload", {st_mode=S_IFDIR|0755, st_size=4096, ...}, 0) = 0
newfstatat(AT_FDCWD, "/usr/local/lib/python3.12/site-packages", {st_mode=S_IFDIR|0755, st_size=4096, ...}, 0) = 0
newfstatat(AT_FDCWD, "/usr/local/lib/python3.12/site-packages/celery/__init__.cpython-312-x86_64-linux-gnu.so", 0x7ffdb1b19ca0, 0) = -1 ENOENT (No such file or directory)
newfstatat(AT_FDCWD, "/usr/local/lib/python3.12/site-packages/celery/__init__.abi3.so", 0x7ffdb1b19ca0, 0) = -1 ENOENT (No such file or directory)
newfstatat(AT_FDCWD, "/usr/local/lib/python3.12/site-packages/celery/__init__.so", 0x7ffdb1b19ca0, 0) = -1 ENOENT (No such file or directory)
newfstatat(AT_FDCWD, "/usr/local/lib/python3.12/site-packages/celery/__init__.py", {st_mode=S_IFREG|0644, st_size=6370, ...}, 0) = 0
newfstatat(AT_FDCWD, "/usr/local/lib/python3.12/site-packages/celery/__init__.py", {st_mode=S_IFREG|0644, st_size=6370, ...}, 0) = 0
openat(AT_FDCWD, "/usr/local/lib/python3.12/site-packages/celery/__pycache__/__init__.cpython-312.pyc", O_RDONLY|O_CLOEXEC) = 3
fstat(3, {st_mode=S_IFREG|0644, st_size=6226, ...}) = 0
ioctl(3, TCGETS, 0x7ffdb1b19a00)        = -1 ENOTTY (Inappropriate ioctl for device)
lseek(3, 0, SEEK_CUR)                   = 0
lseek(3, 0, SEEK_CUR)                   = 0
fstat(3, {st_mode=S_IFREG|0644, st_size=6226, ...}) = 0
read(3, "\313\r\r\n\0\0\0\0N\216Lj\342\30\0\0\343\0\0\0\0\0\0\0\0\0\0\0\0\v\0\0"..., 6227) = 6226
read(3, "", 1)                          = 0
close(3)                                = 0
newfstatat(AT_FDCWD, "/usr/local/lib/python3.12/site-packages/celery", {st_mode=S_IFDIR|0755, st_size=4096, ...}, 0) = 0
newfstatat(AT_FDCWD, "/usr/local/lib/python3.12/site-packages/celery", {st_mode=S_IFDIR|0755, st_size=4096, ...}, 0) = 0
newfstatat(AT_FDCWD, "/usr/local/lib/python3.12/site-packages/celery", {st_mode=S_IFDIR|0755, st_size=4096, ...}, 0) = 0
openat(AT_FDCWD, "/usr/local/lib/python3.12/site-packages/celery", O_RDONLY|O_NONBLOCK|O_CLOEXEC|O_DIRECTORY) = 3
fstat(3, {st_mode=S_IFDIR|0755, st_size=4096, ...}) = 0
getdents64(3, 0x555ba5176610 /* 28 entries */, 32768) = 864
getdents64(3, 0x555ba5176610 /* 0 entries */, 32768) = 0
close(3)                                = 0
newfstatat(AT_FDCWD, "/usr/local/lib/python3.12/site-packages/celery/local.py", {st_mode=S_IFREG|0644, st_size=16039, ...}, 0) = 0
newfstatat(AT_FDCWD, "/usr/local/lib/python3.12/site-packages/celery/local.py", {st_mode=S_IFREG|0644, st_size=16039, ...}, 0) = 0
openat(AT_FDCWD, "/usr/local/lib/python3.12/site-packages/celery/__pycache__/local.cpython-312.pyc", O_RDONLY|O_CLOEXEC) = 3
fstat(3, {st_mode=S_IFREG|0644, st_size=25089, ...}) = 0
ioctl(3, TCGETS, 0x7ffdb1b18e30)        = -1 ENOTTY (Inappropriate ioctl for device)
lseek(3, 0, SEEK_CUR)                   = 0
lseek(3, 0, SEEK_CUR)                   = 0
fstat(3, {st_mode=S_IFREG|0644, st_size=25089, ...}) = 0
read(3, "\313\r\r\n\0\0\0\0N\216Lj\247>\0\0\343\0\0\0\0\0\0\0\0\0\0\0\0\7\0\0"..., 25090) = 25089
read(3, "", 1)                          = 0
close(3)                                = 0
newfstatat(AT_FDCWD, "/usr/local/bin", {st_mode=S_IFDIR|0755, st_size=4096, ...}, 0) = 0
newfstatat(AT_FDCWD, "/usr/local/lib/python3.12", {st_mode=S_IFDIR|0755, st_size=4096, ...}, 0) = 0
newfstatat(AT_FDCWD, "/usr/local/lib/python3.12/importlib/__init__.cpython-312-x86_64-linux-gnu.so", 0x7ffdb1b18980, 0) = -1 ENOENT (No such file or directory)
newfstatat(AT_FDCWD, "/usr/local/lib/python3.12/importlib/__init__.abi3.so", 0x7ffdb1b18980, 0) = -1 ENOENT (No such file or directory)
newfstatat(AT_FDCWD, "/usr/local/lib/python3.12/importlib/__init__.so", 0x7ffdb1b18980, 0) = -1 ENOENT (No such file or directory)
newfstatat(AT_FDCWD, "/usr/local/lib/python3.12/importlib/__init__.py", {st_mode=S_IFREG|0644, st_size=4784, ...}, 0) = 0
newfstatat(AT_FDCWD, "/usr/local/lib/python3.12/importlib/__init__.py", {st_mode=S_IFREG|0644, st_size=4784, ...}, 0) = 0
openat(AT_FDCWD, "/usr/local/lib/python3.12/importlib/__pycache__/__init__.cpython-312.pyc", O_RDONLY|O_CLOEXEC) = -1 ENOENT (No such file or directory)
openat(AT_FDCWD, "/usr/local/lib/python3.12/importlib/__init__.py", O_RDONLY|O_CLOEXEC) = 3
fstat(3, {st_mode=S_IFREG|0644, st_size=4784, ...}) = 0
ioctl(3, TCGETS, 0x7ffdb1b186e0)        = -1 ENOTTY (Inappropriate ioctl for device)
lseek(3, 0, SEEK_CUR)                   = 0
lseek(3, 0, SEEK_CUR)                   = 0
fstat(3, {st_mode=S_IFREG|0644, st_size=4784, ...}) = 0
read(3, "\"\"\"A pure Python implementation "..., 4785) = 4784
read(3, "", 1)                          = 0
close(3)                                = 0
newfstatat(AT_FDCWD, "/usr/local/bin", {st_mode=S_IFDIR|0755, st_size=4096, ...}, 0) = 0
newfstatat(AT_FDCWD, "/usr/local/lib/python3.12", {st_mode=S_IFDIR|0755, st_size=4096, ...}, 0) = 0
newfstatat(AT_FDCWD, "/usr/local/lib/python3.12/warnings.py", {st_mode=S_IFREG|0644, st_size=21909, ...}, 0) = 0
newfstatat(AT_FDCWD, "/usr/local/lib/python3.12/warnings.py", {st_mode=S_IFREG|0644, st_size=21909, ...}, 0) = 0
openat(AT_FDCWD, "/usr/local/lib/python3.12/__pycache__/warnings.cpython-312.pyc", O_RDONLY|O_CLOEXEC) = -1 ENOENT (No such file or directory)
openat(AT_FDCWD, "/usr/local/lib/python3.12/warnings.py", O_RDONLY|O_CLOEXEC) = 3
fstat(3, {st_mode=S_IFREG|0644, st_size=21909, ...}) = 0
ioctl(3, TCGETS, 0x7ffdb1b17f90)        = -1 ENOTTY (Inappropriate ioctl for device)
lseek(3, 0, SEEK_CUR)                   = 0
lseek(3, 0, SEEK_CUR)                   = 0
fstat(3, {st_mode=S_IFREG|0644, st_size=21909, ...}) = 0
read(3, "\"\"\"Python part of the warnings s"..., 21910) = 21909
read(3, "", 1)                          = 0
close(3)                                = 0
newfstatat(AT_FDCWD, "/usr/local/lib/python3.12/site-packages/celery", {st_mode=S_IFDIR|0755, st_size=4096, ...}, 0) = 0
newfstatat(AT_FDCWD, "/usr/local/lib/python3.12/site-packages/celery/__main__.py", {st_mode=S_IFREG|0644, st_size=409, ...}, 0) = 0
newfstatat(AT_FDCWD, "/usr/local/lib/python3.12/site-packages/celery/__main__.py", {st_mode=S_IFREG|0644, st_size=409, ...}, 0) = 0
openat(AT_FDCWD, "/usr/local/lib/python3.12/site-packages/celery/__pycache__/__main__.cpython-312.pyc", O_RDONLY|O_CLOEXEC) = 3
fstat(3, {st_mode=S_IFREG|0644, st_size=768, ...}) = 0
ioctl(3, TCGETS, 0x7ffdb1b19e80)        = -1 ENOTTY (Inappropriate ioctl for device)
lseek(3, 0, SEEK_CUR)                   = 0
lseek(3, 0, SEEK_CUR)                   = 0
fstat(3, {st_mode=S_IFREG|0644, st_size=768, ...}) = 0
read(3, "\313\r\r\n\0\0\0\0N\216Lj\231\1\0\0\343\0\0\0\0\0\0\0\0\0\0\0\0\2\0\0"..., 769) = 768
read(3, "", 1)                          = 0
close(3)                                = 0
newfstatat(AT_FDCWD, "/usr/local/lib/python3.12/site-packages/celery", {st_mode=S_IFDIR|0755, st_size=4096, ...}, 0) = 0
newfstatat(AT_FDCWD, "/usr/local/lib/python3.12/site-packages/celery/bin/__init__.cpython-312-x86_64-linux-gnu.so", 0x7ffdb1b19ca0, 0) = -1 ENOENT (No such file or directory)
newfstatat(AT_FDCWD, "/usr/local/lib/python3.12/site-packages/celery/bin/__init__.abi3.so", 0x7ffdb1b19ca0, 0) = -1 ENOENT (No such file or directory)
newfstatat(AT_FDCWD, "/usr/local/lib/python3.12/site-packages/celery/bin/__init__.so", 0x7ffdb1b19ca0, 0) = -1 ENOENT (No such file or directory)
newfstatat(AT_FDCWD, "/usr/local/lib/python3.12/site-packages/celery/bin/__init__.py", {st_mode=S_IFREG|0644, st_size=0, ...}, 0) = 0
newfstatat(AT_FDCWD, "/usr/local/lib/python3.12/site-packages/celery/bin/__init__.py", {st_mode=S_IFREG|0644, st_size=0, ...}, 0) = 0
openat(AT_FDCWD, "/usr/local/lib/python3.12/site-packages/celery/bin/__pycache__/__init__.cpython-312.pyc", O_RDONLY|O_CLOEXEC) = 3
fstat(3, {st_mode=S_IFREG|0644, st_size=159, ...}) = 0
ioctl(3, TCGETS, 0x7ffdb1b19a00)        = -1 ENOTTY (Inappropriate ioctl for device)
lseek(3, 0, SEEK_CUR)                   = 0
lseek(3, 0, SEEK_CUR)                   = 0
fstat(3, {st_mode=S_IFREG|0644, st_size=159, ...}) = 0
read(3, "\313\r\r\n\0\0\0\0N\216Lj\0\0\0\0\343\0\0\0\0\0\0\0\0\0\0\0\0\0\0\0"..., 160) = 159
read(3, "", 1)                          = 0
close(3)                                = 0
newfstatat(AT_FDCWD, "/usr/local/lib/python3.12/site-packages/celery/bin", {st_mode=S_IFDIR|0755, st_size=4096, ...}, 0) = 0
newfstatat(AT_FDCWD, "/usr/local/lib/python3.12/site-packages/celery/bin", {st_mode=S_IFDIR|0755, st_size=4096, ...}, 0) = 0
newfstatat(AT_FDCWD, "/usr/local/lib/python3.12/site-packages/celery/bin", {st_mode=S_IFDIR|0755, st_size=4096, ...}, 0) = 0
openat(AT_FDCWD, "/usr/local/lib/python3.12/site-packages/celery/bin", O_RDONLY|O_NONBLOCK|O_CLOEXEC|O_DIRECTORY) = 3
fstat(3, {st_mode=S_IFDIR|0755, st_size=4096, ...}) = 0
getdents64(3, 0x555ba5155b30 /* 21 entries */, 32768) = 656
getdents64(3, 0x555ba5155b30 /* 0 entries */, 32768) = 0
close(3)                                = 0
newfstatat(AT_FDCWD, "/usr/local/lib/python3.12/site-packages/celery/bin/celery.py", {st_mode=S_IFREG|0644, st_size=7517, ...}, 0) = 0
newfstatat(AT_FDCWD, "/usr/local/lib/python3.12/site-packages/celery/bin/celery.py", {st_mode=S_IFREG|0644, st_size=7517, ...}, 0) = 0
openat(AT_FDCWD, "/usr/local/lib/python3.12/site-packages/celery/bin/__pycache__/celery.cpython-312.pyc", O_RDONLY|O_CLOEXEC) = 3
fstat(3, {st_mode=S_IFREG|0644, st_size=10189, ...}) = 0
ioctl(3, TCGETS, 0x7ffdb1b19e80)        = -1 ENOTTY (Inappropriate ioctl for device)
lseek(3, 0, SEEK_CUR)                   = 0
lseek(3, 0, SEEK_CUR)                   = 0
fstat(3, {st_mode=S_IFREG|0644, st_size=10189, ...}) = 0
read(3, "\313\r\r\n\0\0\0\0N\216Lj]\35\0\0\343\0\0\0\0\0\0\0\0\0\0\0\0\23\0\0"..., 10190) = 10189
read(3, "", 1)                          = 0
close(3)                                = 0
newfstatat(AT_FDCWD, "/usr/local/bin", {st_mode=S_IFDIR|0755, st_size=4096, ...}, 0) = 0
newfstatat(AT_FDCWD, "/usr/local/lib/python3.12", {st_mode=S_IFDIR|0755, st_size=4096, ...}, 0) = 0
newfstatat(AT_FDCWD, "/usr/local/lib/python3.12/pathlib.py", {st_mode=S_IFREG|0644, st_size=51052, ...}, 0) = 0
newfstatat(AT_FDCWD, "/usr/local/lib/python3.12/pathlib.py", {st_mode=S_IFREG|0644, st_size=51052, ...}, 0) = 0
openat(AT_FDCWD, "/usr/local/lib/python3.12/__pycache__/pathlib.cpython-312.pyc", O_RDONLY|O_CLOEXEC) = -1 ENOENT (No such file or directory)
openat(AT_FDCWD, "/usr/local/lib/python3.12/pathlib.py", O_RDONLY|O_CLOEXEC) = 3
fstat(3, {st_mode=S_IFREG|0644, st_size=51052, ...}) = 0
ioctl(3, TCGETS, 0x7ffdb1b19730)        = -1 ENOTTY (Inappropriate ioctl for device)
lseek(3, 0, SEEK_CUR)                   = 0
lseek(3, 0, SEEK_CUR)                   = 0
fstat(3, {st_mode=S_IFREG|0644, st_size=51052, ...}) = 0
read(3, "\"\"\"Object-oriented filesystem pa"..., 51053) = 51052
read(3, "", 1)                          = 0
close(3)                                = 0
newfstatat(AT_FDCWD, "/usr/local/bin", {st_mode=S_IFDIR|0755, st_size=4096, ...}, 0) = 0
newfstatat(AT_FDCWD, "/usr/local/lib/python3.12", {st_mode=S_IFDIR|0755, st_size=4096, ...}, 0) = 0
newfstatat(AT_FDCWD, "/usr/local/lib/python3.12/fnmatch.py", {st_mode=S_IFREG|0644, st_size=5999, ...}, 0) = 0
newfstatat(AT_FDCWD, "/usr/local/lib/python3.12/fnmatch.py", {st_mode=S_IFREG|0644, st_size=5999, ...}, 0) = 0
openat(AT_FDCWD, "/usr/local/lib/python3.12/__pycache__/fnmatch.cpython-312.pyc", O_RDONLY|O_CLOEXEC) = -1 ENOENT (No such file or directory)
openat(AT_FDCWD, "/usr/local/lib/python3.12/fnmatch.py", O_RDONLY|O_CLOEXEC) = 3
fstat(3, {st_mode=S_IFREG|0644, st_size=5999, ...}) = 0
ioctl(3, TCGETS, 0x7ffdb1b18fe0)        = -1 ENOTTY (Inappropriate ioctl for device)
lseek(3, 0, SEEK_CUR)                   = 0
lseek(3, 0, SEEK_CUR)                   = 0
fstat(3, {st_mode=S_IFREG|0644, st_size=5999, ...}) = 0
read(3, "\"\"\"Filename matching with shell "..., 6000) = 5999
read(3, "", 1)                          = 0
close(3)                                = 0
newfstatat(AT_FDCWD, "/usr/local/bin", {st_mode=S_IFDIR|0755, st_size=4096, ...}, 0) = 0
newfstatat(AT_FDCWD, "/usr/local/lib/python3.12", {st_mode=S_IFDIR|0755, st_size=4096, ...}, 0) = 0
newfstatat(AT_FDCWD, "/usr/local/lib/python3.12/lib-dynload", {st_mode=S_IFDIR|0755, st_size=4096, ...}, 0) = 0
newfstatat(AT_FDCWD, "/usr/local/lib/python3.12/site-packages", {st_mode=S_IFDIR|0755, st_size=4096, ...}, 0) = 0
newfstatat(AT_FDCWD, "/usr/local/bin", {st_mode=S_IFDIR|0755, st_size=4096, ...}, 0) = 0
newfstatat(AT_FDCWD, "/usr/local/lib/python3.12", {st_mode=S_IFDIR|0755, st_size=4096, ...}, 0) = 0
newfstatat(AT_FDCWD, "/usr/local/lib/python3.12/lib-dynload", {st_mode=S_IFDIR|0755, st_size=4096, ...}, 0) = 0
newfstatat(AT_FDCWD, "/usr/local/lib/python3.12/site-packages", {st_mode=S_IFDIR|0755, st_size=4096, ...}, 0) = 0
newfstatat(AT_FDCWD, "/usr/local/bin", {st_mode=S_IFDIR|0755, st_size=4096, ...}, 0) = 0
newfstatat(AT_FDCWD, "/usr/local/lib/python3.12", {st_mode=S_IFDIR|0755, st_size=4096, ...}, 0) = 0
newfstatat(AT_FDCWD, "/usr/local/lib/python3.12/lib-dynload", {st_mode=S_IFDIR|0755, st_size=4096, ...}, 0) = 0
newfstatat(AT_FDCWD, "/usr/local/lib/python3.12/site-packages", {st_mode=S_IFDIR|0755, st_size=4096, ...}, 0) = 0
newfstatat(AT_FDCWD, "/usr/local/bin", {st_mode=S_IFDIR|0755, st_size=4096, ...}, 0) = 0
newfstatat(AT_FDCWD, "/usr/local/lib/python3.12", {st_mode=S_IFDIR|0755, st_size=4096, ...}, 0) = 0
newfstatat(AT_FDCWD, "/usr/local/lib/python3.12/lib-dynload", {st_mode=S_IFDIR|0755, st_size=4096, ...}, 0) = 0
newfstatat(AT_FDCWD, "/usr/local/lib/python3.12/site-packages", {st_mode=S_IFDIR|0755, st_size=4096, ...}, 0) = 0
newfstatat(AT_FDCWD, "/usr/local/bin", {st_mode=S_IFDIR|0755, st_size=4096, ...}, 0) = 0
newfstatat(AT_FDCWD, "/usr/local/lib/python3.12", {st_mode=S_IFDIR|0755, st_size=4096, ...}, 0) = 0
newfstatat(AT_FDCWD, "/usr/local/lib/python3.12/lib-dynload", {st_mode=S_IFDIR|0755, st_size=4096, ...}, 0) = 0
newfstatat(AT_FDCWD, "/usr/local/lib/python3.12/site-packages", {st_mode=S_IFDIR|0755, st_size=4096, ...}, 0) = 0
newfstatat(AT_FDCWD, "/usr/local/bin", {st_mode=S_IFDIR|0755, st_size=4096, ...}, 0) = 0
newfstatat(AT_FDCWD, "/usr/local/lib/python3.12", {st_mode=S_IFDIR|0755, st_size=4096, ...}, 0) = 0
newfstatat(AT_FDCWD, "/usr/local/lib/python3.12/lib-dynload", {st_mode=S_IFDIR|0755, st_size=4096, ...}, 0) = 0
newfstatat(AT_FDCWD, "/usr/local/lib/python3.12/site-packages", {st_mode=S_IFDIR|0755, st_size=4096, ...}, 0) = 0
newfstatat(AT_FDCWD, "/usr/local/bin", {st_mode=S_IFDIR|0755, st_size=4096, ...}, 0) = 0
newfstatat(AT_FDCWD, "/usr/local/lib/python3.12", {st_mode=S_IFDIR|0755, st_size=4096, ...}, 0) = 0
newfstatat(AT_FDCWD, "/usr/local/lib/python3.12/lib-dynload", {st_mode=S_IFDIR|0755, st_size=4096, ...}, 0) = 0
newfstatat(AT_FDCWD, "/usr/local/lib/python3.12/site-packages", {st_mode=S_IFDIR|0755, st_size=4096, ...}, 0) = 0
newfstatat(AT_FDCWD, "/usr/local/bin", {st_mode=S_IFDIR|0755, st_size=4096, ...}, 0) = 0
newfstatat(AT_FDCWD, "/usr/local/lib/python3.12", {st_mode=S_IFDIR|0755, st_size=4096, ...}, 0) = 0
newfstatat(AT_FDCWD, "/usr/local/lib/python3.12/urllib/__init__.cpython-312-x86_64-linux-gnu.so", 0x7ffdb1b18e00, 0) = -1 ENOENT (No such file or directory)
newfstatat(AT_FDCWD, "/usr/local/lib/python3.12/urllib/__init__.abi3.so", 0x7ffdb1b18e00, 0) = -1 ENOENT (No such file or directory)
newfstatat(AT_FDCWD, "/usr/local/lib/python3.12/urllib/__init__.so", 0x7ffdb1b18e00, 0) = -1 ENOENT (No such file or directory)
newfstatat(AT_FDCWD, "/usr/local/lib/python3.12/urllib/__init__.py", {st_mode=S_IFREG|0644, st_size=0, ...}, 0) = 0
newfstatat(AT_FDCWD, "/usr/local/lib/python3.12/urllib/__init__.py", {st_mode=S_IFREG|0644, st_size=0, ...}, 0) = 0
openat(AT_FDCWD, "/usr/local/lib/python3.12/urllib/__pycache__/__init__.cpython-312.pyc", O_RDONLY|O_CLOEXEC) = -1 ENOENT (No such file or directory)
openat(AT_FDCWD, "/usr/local/lib/python3.12/urllib/__init__.py", O_RDONLY|O_CLOEXEC) = 3
fstat(3, {st_mode=S_IFREG|0644, st_size=0, ...}) = 0
ioctl(3, TCGETS, 0x7ffdb1b18b60)        = -1 ENOTTY (Inappropriate ioctl for device)
lseek(3, 0, SEEK_CUR)                   = 0
lseek(3, 0, SEEK_CUR)                   = 0
fstat(3, {st_mode=S_IFREG|0644, st_size=0, ...}) = 0
read(3, "", 8192)                       = 0
close(3)                                = 0
newfstatat(AT_FDCWD, "/usr/local/lib/python3.12/urllib", {st_mode=S_IFDIR|0755, st_size=4096, ...}, 0) = 0
newfstatat(AT_FDCWD, "/usr/local/lib/python3.12/urllib", {st_mode=S_IFDIR|0755, st_size=4096, ...}, 0) = 0
newfstatat(AT_FDCWD, "/usr/local/lib/python3.12/urllib", {st_mode=S_IFDIR|0755, st_size=4096, ...}, 0) = 0
openat(AT_FDCWD, "/usr/local/lib/python3.12/urllib", O_RDONLY|O_NONBLOCK|O_CLOEXEC|O_DIRECTORY) = 3
fstat(3, {st_mode=S_IFDIR|0755, st_size=4096, ...}) = 0
getdents64(3, 0x555ba5155b30 /* 9 entries */, 32768) = 280
getdents64(3, 0x555ba5155b30 /* 0 entries */, 32768) = 0
close(3)                                = 0
newfstatat(AT_FDCWD, "/usr/local/lib/python3.12/urllib/parse.py", {st_mode=S_IFREG|0644, st_size=45676, ...}, 0) = 0
newfstatat(AT_FDCWD, "/usr/local/lib/python3.12/urllib/parse.py", {st_mode=S_IFREG|0644, st_size=45676, ...}, 0) = 0
openat(AT_FDCWD, "/usr/local/lib/python3.12/urllib/__pycache__/parse.cpython-312.pyc", O_RDONLY|O_CLOEXEC) = -1 ENOENT (No such file or directory)
openat(AT_FDCWD, "/usr/local/lib/python3.12/urllib/parse.py", O_RDONLY|O_CLOEXEC) = 3
fstat(3, {st_mode=S_IFREG|0644, st_size=45676, ...}) = 0
ioctl(3, TCGETS, 0x7ffdb1b18fe0)        = -1 ENOTTY (Inappropriate ioctl for device)
lseek(3, 0, SEEK_CUR)                   = 0
lseek(3, 0, SEEK_CUR)                   = 0
fstat(3, {st_mode=S_IFREG|0644, st_size=45676, ...}) = 0
read(3, "\"\"\"Parse (absolute and relative)"..., 45677) = 45676
read(3, "", 1)                          = 0
close(3)                                = 0
newfstatat(AT_FDCWD, "/usr/local/bin", {st_mode=S_IFDIR|0755, st_size=4096, ...}, 0) = 0
newfstatat(AT_FDCWD, "/usr/local/lib/python3.12", {st_mode=S_IFDIR|0755, st_size=4096, ...}, 0) = 0
newfstatat(AT_FDCWD, "/usr/local/lib/python3.12/lib-dynload", {st_mode=S_IFDIR|0755, st_size=4096, ...}, 0) = 0
newfstatat(AT_FDCWD, "/usr/local/lib/python3.12/lib-dynload/math.cpython-312-x86_64-linux-gnu.so", {st_mode=S_IFREG|0755, st_size=70424, ...}, 0) = 0
openat(AT_FDCWD, "/usr/local/lib/python3.12/lib-dynload/math.cpython-312-x86_64-linux-gnu.so", O_RDONLY|O_CLOEXEC) = 3
read(3, "\177ELF\2\1\1\0\0\0\0\0\0\0\0\0\3\0>\0\1\0\0\0\0\0\0\0\0\0\0\0"..., 832) = 832
fstat(3, {st_mode=S_IFREG|0755, st_size=70424, ...}) = 0
mmap(NULL, 72528, PROT_READ, MAP_PRIVATE|MAP_DENYWRITE, 3, 0) = 0x7d62b8a08000
mmap(0x7d62b8a0b000, 32768, PROT_READ|PROT_EXEC, MAP_PRIVATE|MAP_FIXED|MAP_DENYWRITE, 3, 0x3000) = 0x7d62b8a0b000
mmap(0x7d62b8a13000, 20480, PROT_READ, MAP_PRIVATE|MAP_FIXED|MAP_DENYWRITE, 3, 0xb000) = 0x7d62b8a13000
mmap(0x7d62b8a18000, 8192, PROT_READ|PROT_WRITE, MAP_PRIVATE|MAP_FIXED|MAP_DENYWRITE, 3, 0xf000) = 0x7d62b8a18000
close(3)                                = 0
mprotect(0x7d62b8a18000, 4096, PROT_READ) = 0
newfstatat(AT_FDCWD, "/usr/local/bin", {st_mode=S_IFDIR|0755, st_size=4096, ...}, 0) = 0
newfstatat(AT_FDCWD, "/usr/local/lib/python3.12", {st_mode=S_IFDIR|0755, st_size=4096, ...}, 0) = 0
newfstatat(AT_FDCWD, "/usr/local/lib/python3.12/ipaddress.py", {st_mode=S_IFREG|0644, st_size=81414, ...}, 0) = 0
newfstatat(AT_FDCWD, "/usr/local/lib/python3.12/ipaddress.py", {st_mode=S_IFREG|0644, st_size=81414, ...}, 0) = 0
openat(AT_FDCWD, "/usr/local/lib/python3.12/__pycache__/ipaddress.cpython-312.pyc", O_RDONLY|O_CLOEXEC) = -1 ENOENT (No such file or directory)
openat(AT_FDCWD, "/usr/local/lib/python3.12/ipaddress.py", O_RDONLY|O_CLOEXEC) = 3
fstat(3, {st_mode=S_IFREG|0644, st_size=81414, ...}) = 0
ioctl(3, TCGETS, 0x7ffdb1b18890)        = -1 ENOTTY (Inappropriate ioctl for device)
lseek(3, 0, SEEK_CUR)                   = 0
lseek(3, 0, SEEK_CUR)                   = 0
fstat(3, {st_mode=S_IFREG|0644, st_size=81414, ...}) = 0
read(3, "# Copyright 2007 Google Inc.\n#  "..., 81415) = 81414
read(3, "", 1)                          = 0
close(3)                                = 0
mmap(NULL, 1048576, PROT_READ|PROT_WRITE, MAP_PRIVATE|MAP_ANONYMOUS, -1, 0) = 0x7d62b87d7000
brk(0x555ba54e6000)                     = 0x555ba54e6000
brk(0x555ba54a0000)                     = 0x555ba54a0000
newfstatat(AT_FDCWD, "/usr/local/bin", {st_mode=S_IFDIR|0755, st_size=4096, ...}, 0) = 0
newfstatat(AT_FDCWD, "/usr/local/lib/python3.12", {st_mode=S_IFDIR|0755, st_size=4096, ...}, 0) = 0
newfstatat(AT_FDCWD, "/usr/local/lib/python3.12/traceback.py", {st_mode=S_IFREG|0644, st_size=46393, ...}, 0) = 0
newfstatat(AT_FDCWD, "/usr/local/lib/python3.12/traceback.py", {st_mode=S_IFREG|0644, st_size=46393, ...}, 0) = 0
openat(AT_FDCWD, "/usr/local/lib/python3.12/__pycache__/traceback.cpython-312.pyc", O_RDONLY|O_CLOEXEC) = -1 ENOENT (No such file or directory)
openat(AT_FDCWD, "/usr/local/lib/python3.12/traceback.py", O_RDONLY|O_CLOEXEC) = 3
fstat(3, {st_mode=S_IFREG|0644, st_size=46393, ...}) = 0
ioctl(3, TCGETS, 0x7ffdb1b19730)        = -1 ENOTTY (Inappropriate ioctl for device)
lseek(3, 0, SEEK_CUR)                   = 0
lseek(3, 0, SEEK_CUR)                   = 0
fstat(3, {st_mode=S_IFREG|0644, st_size=46393, ...}) = 0
read(3, "\"\"\"Extract, format and print inf"..., 46394) = 46393
read(3, "", 1)                          = 0
close(3)                                = 0
newfstatat(AT_FDCWD, "/usr/local/lib/python3.12/collections", {st_mode=S_IFDIR|0755, st_size=4096, ...}, 0) = 0
newfstatat(AT_FDCWD, "/usr/local/lib/python3.12/collections", {st_mode=S_IFDIR|0755, st_size=4096, ...}, 0) = 0
newfstatat(AT_FDCWD, "/usr/local/lib/python3.12/collections", {st_mode=S_IFDIR|0755, st_size=4096, ...}, 0) = 0
openat(AT_FDCWD, "/usr/local/lib/python3.12/collections", O_RDONLY|O_NONBLOCK|O_CLOEXEC|O_DIRECTORY) = 3
fstat(3, {st_mode=S_IFDIR|0755, st_size=4096, ...}) = 0
getdents64(3, 0x555ba5388aa0 /* 5 entries */, 32768) = 144
getdents64(3, 0x555ba5388aa0 /* 0 entries */, 32768) = 0
close(3)                                = 0
newfstatat(AT_FDCWD, "/usr/local/lib/python3.12/collections/abc.py", {st_mode=S_IFREG|0644, st_size=119, ...}, 0) = 0
newfstatat(AT_FDCWD, "/usr/local/lib/python3.12/collections/abc.py", {st_mode=S_IFREG|0644, st_size=119, ...}, 0) = 0
openat(AT_FDCWD, "/usr/local/lib/python3.12/collections/__pycache__/abc.cpython-312.pyc", O_RDONLY|O_CLOEXEC) = -1 ENOENT (No such file or directory)
openat(AT_FDCWD, "/usr/local/lib/python3.12/collections/abc.py", O_RDONLY|O_CLOEXEC) = 3
fstat(3, {st_mode=S_IFREG|0644, st_size=119, ...}) = 0
ioctl(3, TCGETS, 0x7ffdb1b18fe0)        = -1 ENOTTY (Inappropriate ioctl for device)
lseek(3, 0, SEEK_CUR)                   = 0
lseek(3, 0, SEEK_CUR)                   = 0
fstat(3, {st_mode=S_IFREG|0644, st_size=119, ...}) = 0
read(3, "from _collections_abc import *\nf"..., 120) = 119
read(3, "", 1)                          = 0
close(3)                                = 0
newfstatat(AT_FDCWD, "/usr/local/bin", {st_mode=S_IFDIR|0755, st_size=4096, ...}, 0) = 0
newfstatat(AT_FDCWD, "/usr/local/lib/python3.12", {st_mode=S_IFDIR|0755, st_size=4096, ...}, 0) = 0
newfstatat(AT_FDCWD, "/usr/local/lib/python3.12/linecache.py", {st_mode=S_IFREG|0644, st_size=5800, ...}, 0) = 0
newfstatat(AT_FDCWD, "/usr/local/lib/python3.12/linecache.py", {st_mode=S_IFREG|0644, st_size=5800, ...}, 0) = 0
openat(AT_FDCWD, "/usr/local/lib/python3.12/__pycache__/linecache.cpython-312.pyc", O_RDONLY|O_CLOEXEC) = -1 ENOENT (No such file or directory)
openat(AT_FDCWD, "/usr/local/lib/python3.12/linecache.py", O_RDONLY|O_CLOEXEC) = 3
fstat(3, {st_mode=S_IFREG|0644, st_size=5800, ...}) = 0
ioctl(3, TCGETS, 0x7ffdb1b18fe0)        = -1 ENOTTY (Inappropriate ioctl for device)
lseek(3, 0, SEEK_CUR)                   = 0
lseek(3, 0, SEEK_CUR)                   = 0
fstat(3, {st_mode=S_IFREG|0644, st_size=5800, ...}) = 0
read(3, "\"\"\"Cache lines from Python sourc"..., 5801) = 5800
read(3, "", 1)                          = 0
close(3)                                = 0
newfstatat(AT_FDCWD, "/usr/local/bin", {st_mode=S_IFDIR|0755, st_size=4096, ...}, 0) = 0
newfstatat(AT_FDCWD, "/usr/local/lib/python3.12", {st_mode=S_IFDIR|0755, st_size=4096, ...}, 0) = 0
newfstatat(AT_FDCWD, "/usr/local/lib/python3.12/tokenize.py", {st_mode=S_IFREG|0644, st_size=21570, ...}, 0) = 0
newfstatat(AT_FDCWD, "/usr/local/lib/python3.12/tokenize.py", {st_mode=S_IFREG|0644, st_size=21570, ...}, 0) = 0
openat(AT_FDCWD, "/usr/local/lib/python3.12/__pycache__/tokenize.cpython-312.pyc", O_RDONLY|O_CLOEXEC) = -1 ENOENT (No such file or directory)
openat(AT_FDCWD, "/usr/local/lib/python3.12/tokenize.py", O_RDONLY|O_CLOEXEC) = 3
fstat(3, {st_mode=S_IFREG|0644, st_size=21570, ...}) = 0
ioctl(3, TCGETS, 0x7ffdb1b18890)        = -1 ENOTTY (Inappropriate ioctl for device)
lseek(3, 0, SEEK_CUR)                   = 0
lseek(3, 0, SEEK_CUR)                   = 0
fstat(3, {st_mode=S_IFREG|0644, st_size=21570, ...}) = 0
read(3, "\"\"\"Tokenization help for Python "..., 21571) = 21570
read(3, "", 1)                          = 0
close(3)                                = 0
newfstatat(AT_FDCWD, "/usr/local/bin", {st_mode=S_IFDIR|0755, st_size=4096, ...}, 0) = 0
newfstatat(AT_FDCWD, "/usr/local/lib/python3.12", {st_mode=S_IFDIR|0755, st_size=4096, ...}, 0) = 0
newfstatat(AT_FDCWD, "/usr/local/lib/python3.12/token.py", {st_mode=S_IFREG|0644, st_size=2511, ...}, 0) = 0
newfstatat(AT_FDCWD, "/usr/local/lib/python3.12/token.py", {st_mode=S_IFREG|0644, st_size=2511, ...}, 0) = 0
openat(AT_FDCWD, "/usr/local/lib/python3.12/__pycache__/token.cpython-312.pyc", O_RDONLY|O_CLOEXEC) = -1 ENOENT (No such file or directory)
openat(AT_FDCWD, "/usr/local/lib/python3.12/token.py", O_RDONLY|O_CLOEXEC) = 3
fstat(3, {st_mode=S_IFREG|0644, st_size=2511, ...}) = 0
ioctl(3, TCGETS, 0x7ffdb1b18140)        = -1 ENOTTY (Inappropriate ioctl for device)
lseek(3, 0, SEEK_CUR)                   = 0
lseek(3, 0, SEEK_CUR)                   = 0
fstat(3, {st_mode=S_IFREG|0644, st_size=2511, ...}) = 0
read(3, "\"\"\"Token constants.\"\"\"\n# Auto-ge"..., 2512) = 2511
read(3, "", 1)                          = 0
close(3)                                = 0
newfstatat(AT_FDCWD, "/usr/local/bin", {st_mode=S_IFDIR|0755, st_size=4096, ...}, 0) = 0
newfstatat(AT_FDCWD, "/usr/local/lib/python3.12", {st_mode=S_IFDIR|0755, st_size=4096, ...}, 0) = 0
newfstatat(AT_FDCWD, "/usr/local/lib/python3.12/textwrap.py", {st_mode=S_IFREG|0644, st_size=19718, ...}, 0) = 0
newfstatat(AT_FDCWD, "/usr/local/lib/python3.12/textwrap.py", {st_mode=S_IFREG|0644, st_size=19718, ...}, 0) = 0
openat(AT_FDCWD, "/usr/local/lib/python3.12/__pycache__/textwrap.cpython-312.pyc", O_RDONLY|O_CLOEXEC) = -1 ENOENT (No such file or directory)
openat(AT_FDCWD, "/usr/local/lib/python3.12/textwrap.py", O_RDONLY|O_CLOEXEC) = 3
fstat(3, {st_mode=S_IFREG|0644, st_size=19718, ...}) = 0
ioctl(3, TCGETS, 0x7ffdb1b18fe0)        = -1 ENOTTY (Inappropriate ioctl for device)
lseek(3, 0, SEEK_CUR)                   = 0
lseek(3, 0, SEEK_CUR)                   = 0
fstat(3, {st_mode=S_IFREG|0644, st_size=19718, ...}) = 0
read(3, "\"\"\"Text wrapping and filling.\n\"\""..., 19719) = 19718
read(3, "", 1)                          = 0
close(3)                                = 0
newfstatat(AT_FDCWD, "/usr/local/bin", {st_mode=S_IFDIR|0755, st_size=4096, ...}, 0) = 0
newfstatat(AT_FDCWD, "/usr/local/lib/python3.12", {st_mode=S_IFDIR|0755, st_size=4096, ...}, 0) = 0
newfstatat(AT_FDCWD, "/usr/local/lib/python3.12/contextlib.py", {st_mode=S_IFREG|0644, st_size=27637, ...}, 0) = 0
newfstatat(AT_FDCWD, "/usr/local/lib/python3.12/contextlib.py", {st_mode=S_IFREG|0644, st_size=27637, ...}, 0) = 0
openat(AT_FDCWD, "/usr/local/lib/python3.12/__pycache__/contextlib.cpython-312.pyc", O_RDONLY|O_CLOEXEC) = -1 ENOENT (No such file or directory)
openat(AT_FDCWD, "/usr/local/lib/python3.12/contextlib.py", O_RDONLY|O_CLOEXEC) = 3
fstat(3, {st_mode=S_IFREG|0644, st_size=27637, ...}) = 0
ioctl(3, TCGETS, 0x7ffdb1b18fe0)        = -1 ENOTTY (Inappropriate ioctl for device)
lseek(3, 0, SEEK_CUR)                   = 0
lseek(3, 0, SEEK_CUR)                   = 0
fstat(3, {st_mode=S_IFREG|0644, st_size=27637, ...}) = 0
read(3, "\"\"\"Utilities for with-statement "..., 27638) = 27637
read(3, "", 1)                          = 0
close(3)                                = 0
newfstatat(AT_FDCWD, "/usr/local/lib/python3.12/importlib", {st_mode=S_IFDIR|0755, st_size=4096, ...}, 0) = 0
newfstatat(AT_FDCWD, "/usr/local/lib/python3.12/importlib", {st_mode=S_IFDIR|0755, st_size=4096, ...}, 0) = 0
newfstatat(AT_FDCWD, "/usr/local/lib/python3.12/importlib", {st_mode=S_IFDIR|0755, st_size=4096, ...}, 0) = 0
openat(AT_FDCWD, "/usr/local/lib/python3.12/importlib", O_RDONLY|O_NONBLOCK|O_CLOEXEC|O_DIRECTORY) = 3
fstat(3, {st_mode=S_IFDIR|0755, st_size=4096, ...}) = 0
getdents64(3, 0x555ba52cd580 /* 14 entries */, 32768) = 456
getdents64(3, 0x555ba52cd580 /* 0 entries */, 32768) = 0
close(3)                                = 0
newfstatat(AT_FDCWD, "/usr/local/lib/python3.12/importlib/metadata/__init__.cpython-312-x86_64-linux-gnu.so", 0x7ffdb1b199d0, 0) = -1 ENOENT (No such file or directory)
newfstatat(AT_FDCWD, "/usr/local/lib/python3.12/importlib/metadata/__init__.abi3.so", 0x7ffdb1b199d0, 0) = -1 ENOENT (No such file or directory)
newfstatat(AT_FDCWD, "/usr/local/lib/python3.12/importlib/metadata/__init__.so", 0x7ffdb1b199d0, 0) = -1 ENOENT (No such file or directory)
newfstatat(AT_FDCWD, "/usr/local/lib/python3.12/importlib/metadata/__init__.py", {st_mode=S_IFREG|0644, st_size=28757, ...}, 0) = 0
newfstatat(AT_FDCWD, "/usr/local/lib/python3.12/importlib/metadata/__init__.py", {st_mode=S_IFREG|0644, st_size=28757, ...}, 0) = 0
openat(AT_FDCWD, "/usr/local/lib/python3.12/importlib/metadata/__pycache__/__init__.cpython-312.pyc", O_RDONLY|O_CLOEXEC) = -1 ENOENT (No such file or directory)
openat(AT_FDCWD, "/usr/local/lib/python3.12/importlib/metadata/__init__.py", O_RDONLY|O_CLOEXEC) = 3
fstat(3, {st_mode=S_IFREG|0644, st_size=28757, ...}) = 0
ioctl(3, TCGETS, 0x7ffdb1b19730)        = -1 ENOTTY (Inappropriate ioctl for device)
lseek(3, 0, SEEK_CUR)                   = 0
lseek(3, 0, SEEK_CUR)                   = 0
fstat(3, {st_mode=S_IFREG|0644, st_size=28757, ...}) = 0
read(3, "import os\nimport re\nimport abc\ni"..., 28758) = 28757
read(3, "", 1)                          = 0
close(3)                                = 0
newfstatat(AT_FDCWD, "/usr/local/bin", {st_mode=S_IFDIR|0755, st_size=4096, ...}, 0) = 0
newfstatat(AT_FDCWD, "/usr/local/lib/python3.12", {st_mode=S_IFDIR|0755, st_size=4096, ...}, 0) = 0
newfstatat(AT_FDCWD, "/usr/local/lib/python3.12/csv.py", {st_mode=S_IFREG|0644, st_size=16386, ...}, 0) = 0
newfstatat(AT_FDCWD, "/usr/local/lib/python3.12/csv.py", {st_mode=S_IFREG|0644, st_size=16386, ...}, 0) = 0
openat(AT_FDCWD, "/usr/local/lib/python3.12/__pycache__/csv.cpython-312.pyc", O_RDONLY|O_CLOEXEC) = -1 ENOENT (No such file or directory)
openat(AT_FDCWD, "/usr/local/lib/python3.12/csv.py", O_RDONLY|O_CLOEXEC) = 3
fstat(3, {st_mode=S_IFREG|0644, st_size=16386, ...}) = 0
ioctl(3, TCGETS, 0x7ffdb1b18fe0)        = -1 ENOTTY (Inappropriate ioctl for device)
lseek(3, 0, SEEK_CUR)                   = 0
lseek(3, 0, SEEK_CUR)                   = 0
fstat(3, {st_mode=S_IFREG|0644, st_size=16386, ...}) = 0
read(3, "\n\"\"\"\ncsv.py - read/write/investi"..., 16387) = 16386
read(3, "", 1)                          = 0
close(3)                                = 0
newfstatat(AT_FDCWD, "/usr/local/bin", {st_mode=S_IFDIR|0755, st_size=4096, ...}, 0) = 0
newfstatat(AT_FDCWD, "/usr/local/lib/python3.12", {st_mode=S_IFDIR|0755, st_size=4096, ...}, 0) = 0
newfstatat(AT_FDCWD, "/usr/local/lib/python3.12/lib-dynload", {st_mode=S_IFDIR|0755, st_size=4096, ...}, 0) = 0
newfstatat(AT_FDCWD, "/usr/local/lib/python3.12/lib-dynload/_csv.cpython-312-x86_64-linux-gnu.so", {st_mode=S_IFREG|0755, st_size=37472, ...}, 0) = 0
openat(AT_FDCWD, "/usr/local/lib/python3.12/lib-dynload/_csv.cpython-312-x86_64-linux-gnu.so", O_RDONLY|O_CLOEXEC) = 3
read(3, "\177ELF\2\1\1\0\0\0\0\0\0\0\0\0\3\0>\0\1\0\0\0\0\0\0\0\0\0\0\0"..., 832) = 832
fstat(3, {st_mode=S_IFREG|0755, st_size=37472, ...}) = 0
mmap(NULL, 39664, PROT_READ, MAP_PRIVATE|MAP_DENYWRITE, 3, 0) = 0x7d62b89fe000
mmap(0x7d62b8a00000, 12288, PROT_READ|PROT_EXEC, MAP_PRIVATE|MAP_FIXED|MAP_DENYWRITE, 3, 0x2000) = 0x7d62b8a00000
mmap(0x7d62b8a03000, 12288, PROT_READ, MAP_PRIVATE|MAP_FIXED|MAP_DENYWRITE, 3, 0x5000) = 0x7d62b8a03000
mmap(0x7d62b8a06000, 8192, PROT_READ|PROT_WRITE, MAP_PRIVATE|MAP_FIXED|MAP_DENYWRITE, 3, 0x7000) = 0x7d62b8a06000
close(3)                                = 0
mprotect(0x7d62b8a06000, 4096, PROT_READ) = 0
newfstatat(AT_FDCWD, "/usr/local/bin", {st_mode=S_IFDIR|0755, st_size=4096, ...}, 0) = 0
newfstatat(AT_FDCWD, "/usr/local/lib/python3.12", {st_mode=S_IFDIR|0755, st_size=4096, ...}, 0) = 0
newfstatat(AT_FDCWD, "/usr/local/lib/python3.12/email/__init__.cpython-312-x86_64-linux-gnu.so", 0x7ffdb1b19280, 0) = -1 ENOENT (No such file or directory)
newfstatat(AT_FDCWD, "/usr/local/lib/python3.12/email/__init__.abi3.so", 0x7ffdb1b19280, 0) = -1 ENOENT (No such file or directory)
newfstatat(AT_FDCWD, "/usr/local/lib/python3.12/email/__init__.so", 0x7ffdb1b19280, 0) = -1 ENOENT (No such file or directory)
newfstatat(AT_FDCWD, "/usr/local/lib/python3.12/email/__init__.py", {st_mode=S_IFREG|0644, st_size=1764, ...}, 0) = 0
newfstatat(AT_FDCWD, "/usr/local/lib/python3.12/email/__init__.py", {st_mode=S_IFREG|0644, st_size=1764, ...}, 0) = 0
openat(AT_FDCWD, "/usr/local/lib/python3.12/email/__pycache__/__init__.cpython-312.pyc", O_RDONLY|O_CLOEXEC) = -1 ENOENT (No such file or directory)
openat(AT_FDCWD, "/usr/local/lib/python3.12/email/__init__.py", O_RDONLY|O_CLOEXEC) = 3
fstat(3, {st_mode=S_IFREG|0644, st_size=1764, ...}) = 0
ioctl(3, TCGETS, 0x7ffdb1b18fe0)        = -1 ENOTTY (Inappropriate ioctl for device)
lseek(3, 0, SEEK_CUR)                   = 0
lseek(3, 0, SEEK_CUR)                   = 0
fstat(3, {st_mode=S_IFREG|0644, st_size=1764, ...}) = 0
read(3, "# Copyright (C) 2001-2007 Python"..., 1765) = 1764
read(3, "", 1)                          = 0
close(3)                                = 0
newfstatat(AT_FDCWD, "/usr/local/bin", {st_mode=S_IFDIR|0755, st_size=4096, ...}, 0) = 0
newfstatat(AT_FDCWD, "/usr/local/lib/python3.12", {st_mode=S_IFDIR|0755, st_size=4096, ...}, 0) = 0
newfstatat(AT_FDCWD, "/usr/local/lib/python3.12/zipfile/__init__.cpython-312-x86_64-linux-gnu.so", 0x7ffdb1b19280, 0) = -1 ENOENT (No such file or directory)
newfstatat(AT_FDCWD, "/usr/local/lib/python3.12/zipfile/__init__.abi3.so", 0x7ffdb1b19280, 0) = -1 ENOENT (No such file or directory)
newfstatat(AT_FDCWD, "/usr/local/lib/python3.12/zipfile/__init__.so", 0x7ffdb1b19280, 0) = -1 ENOENT (No such file or directory)
newfstatat(AT_FDCWD, "/usr/local/lib/python3.12/zipfile/__init__.py", {st_mode=S_IFREG|0644, st_size=88998, ...}, 0) = 0
newfstatat(AT_FDCWD, "/usr/local/lib/python3.12/zipfile/__init__.py", {st_mode=S_IFREG|0644, st_size=88998, ...}, 0) = 0
openat(AT_FDCWD, "/usr/local/lib/python3.12/zipfile/__pycache__/__init__.cpython-312.pyc", O_RDONLY|O_CLOEXEC) = -1 ENOENT (No such file or directory)
openat(AT_FDCWD, "/usr/local/lib/python3.12/zipfile/__init__.py", O_RDONLY|O_CLOEXEC) = 3
fstat(3, {st_mode=S_IFREG|0644, st_size=88998, ...}) = 0
ioctl(3, TCGETS, 0x7ffdb1b18fe0)        = -1 ENOTTY (Inappropriate ioctl for device)
lseek(3, 0, SEEK_CUR)                   = 0
lseek(3, 0, SEEK_CUR)                   = 0
fstat(3, {st_mode=S_IFREG|0644, st_size=88998, ...}) = 0
read(3, "\"\"\"\nRead and write ZIP files.\n\nX"..., 88999) = 88998
read(3, "", 1)                          = 0
close(3)                                = 0
brk(0x555ba54d8000)                     = 0x555ba54d8000
mmap(NULL, 1048576, PROT_READ|PROT_WRITE, MAP_PRIVATE|MAP_ANONYMOUS, -1, 0) = 0x7d62b86d7000
brk(0x555ba54fe000)                     = 0x555ba54fe000
brk(0x555ba5534000)                     = 0x555ba5534000
brk(0x555ba5582000)                     = 0x555ba5582000
brk(0x555ba55a4000)                     = 0x555ba55a4000
mmap(NULL, 221184, PROT_READ|PROT_WRITE, MAP_PRIVATE|MAP_ANONYMOUS, -1, 0) = 0x7d62b86a1000
brk(0x555ba55c6000)                     = 0x555ba55c6000
mremap(0x7d62b86a1000, 221184, 249856, MREMAP_MAYMOVE) = 0x7d62b8664000
brk(0x555ba55e8000)                     = 0x555ba55e8000
brk(0x555ba5582000)                     = 0x555ba5582000
munmap(0x7d62b8664000, 249856)          = 0
newfstatat(AT_FDCWD, "/usr/local/bin", {st_mode=S_IFDIR|0755, st_size=4096, ...}, 0) = 0
newfstatat(AT_FDCWD, "/usr/local/lib/python3.12", {st_mode=S_IFDIR|0755, st_size=4096, ...}, 0) = 0
newfstatat(AT_FDCWD, "/usr/local/lib/python3.12/lib-dynload", {st_mode=S_IFDIR|0755, st_size=4096, ...}, 0) = 0
newfstatat(AT_FDCWD, "/usr/local/lib/python3.12/lib-dynload/binascii.cpython-312-x86_64-linux-gnu.so", {st_mode=S_IFREG|0755, st_size=32216, ...}, 0) = 0
openat(AT_FDCWD, "/usr/local/lib/python3.12/lib-dynload/binascii.cpython-312-x86_64-linux-gnu.so", O_RDONLY|O_CLOEXEC) = 3
read(3, "\177ELF\2\1\1\0\0\0\0\0\0\0\0\0\3\0>\0\1\0\0\0\0\0\0\0\0\0\0\0"..., 832) = 832
fstat(3, {st_mode=S_IFREG|0755, st_size=32216, ...}) = 0
mmap(NULL, 34320, PROT_READ, MAP_PRIVATE|MAP_DENYWRITE, 3, 0) = 0x7d62b89f5000
mmap(0x7d62b89f7000, 12288, PROT_READ|PROT_EXEC, MAP_PRIVATE|MAP_FIXED|MAP_DENYWRITE, 3, 0x2000) = 0x7d62b89f7000
mmap(0x7d62b89fa000, 8192, PROT_READ, MAP_PRIVATE|MAP_FIXED|MAP_DENYWRITE, 3, 0x5000) = 0x7d62b89fa000
mmap(0x7d62b89fc000, 8192, PROT_READ|PROT_WRITE, MAP_PRIVATE|MAP_FIXED|MAP_DENYWRITE, 3, 0x6000) = 0x7d62b89fc000
close(3)                                = 0
openat(AT_FDCWD, "/etc/ld.so.cache", O_RDONLY|O_CLOEXEC) = 3
fstat(3, {st_mode=S_IFREG|0644, st_size=7267, ...}) = 0
mmap(NULL, 7267, PROT_READ, MAP_PRIVATE, 3, 0) = 0x7d62b89f3000
close(3)                                = 0
openat(AT_FDCWD, "/lib/x86_64-linux-gnu/libz.so.1", O_RDONLY|O_CLOEXEC) = 3
read(3, "\177ELF\2\1\1\0\0\0\0\0\0\0\0\0\3\0>\0\1\0\0\0\0\0\0\0\0\0\0\0"..., 832) = 832
fstat(3, {st_mode=S_IFREG|0644, st_size=125376, ...}) = 0
mmap(NULL, 127376, PROT_READ, MAP_PRIVATE|MAP_DENYWRITE, 3, 0) = 0x7d62b86b7000
mmap(0x7d62b86ba000, 81920, PROT_READ|PROT_EXEC, MAP_PRIVATE|MAP_FIXED|MAP_DENYWRITE, 3, 0x3000) = 0x7d62b86ba000
mmap(0x7d62b86ce000, 28672, PROT_READ, MAP_PRIVATE|MAP_FIXED|MAP_DENYWRITE, 3, 0x17000) = 0x7d62b86ce000
mmap(0x7d62b86d5000, 8192, PROT_READ|PROT_WRITE, MAP_PRIVATE|MAP_FIXED|MAP_DENYWRITE, 3, 0x1d000) = 0x7d62b86d5000
close(3)                                = 0
mprotect(0x7d62b86d5000, 4096, PROT_READ) = 0
mprotect(0x7d62b89fc000, 4096, PROT_READ) = 0
munmap(0x7d62b89f3000, 7267)            = 0
newfstatat(AT_FDCWD, "/usr/local/lib/python3.12/importlib", {st_mode=S_IFDIR|0755, st_size=4096, ...}, 0) = 0
newfstatat(AT_FDCWD, "/usr/local/lib/python3.12/importlib/_abc.py", {st_mode=S_IFREG|0644, st_size=1354, ...}, 0) = 0
newfstatat(AT_FDCWD, "/usr/local/lib/python3.12/importlib/_abc.py", {st_mode=S_IFREG|0644, st_size=1354, ...}, 0) = 0
openat(AT_FDCWD, "/usr/local/lib/python3.12/importlib/__pycache__/_abc.cpython-312.pyc", O_RDONLY|O_CLOEXEC) = -1 ENOENT (No such file or directory)
openat(AT_FDCWD, "/usr/local/lib/python3.12/importlib/_abc.py", O_RDONLY|O_CLOEXEC) = 3
fstat(3, {st_mode=S_IFREG|0644, st_size=1354, ...}) = 0
ioctl(3, TCGETS, 0x7ffdb1b18180)        = -1 ENOTTY (Inappropriate ioctl for device)
lseek(3, 0, SEEK_CUR)                   = 0
lseek(3, 0, SEEK_CUR)                   = 0
fstat(3, {st_mode=S_IFREG|0644, st_size=1354, ...}) = 0
read(3, "\"\"\"Subset of importlib.abc used "..., 1355) = 1354
read(3, "", 1)                          = 0
close(3)                                = 0
newfstatat(AT_FDCWD, "/usr/local/bin", {st_mode=S_IFDIR|0755, st_size=4096, ...}, 0) = 0
newfstatat(AT_FDCWD, "/usr/local/lib/python3.12", {st_mode=S_IFDIR|0755, st_size=4096, ...}, 0) = 0
newfstatat(AT_FDCWD, "/usr/local/lib/python3.12/shutil.py", {st_mode=S_IFREG|0644, st_size=56762, ...}, 0) = 0
newfstatat(AT_FDCWD, "/usr/local/lib/python3.12/shutil.py", {st_mode=S_IFREG|0644, st_size=56762, ...}, 0) = 0
openat(AT_FDCWD, "/usr/local/lib/python3.12/__pycache__/shutil.cpython-312.pyc", O_RDONLY|O_CLOEXEC) = -1 ENOENT (No such file or directory)
openat(AT_FDCWD, "/usr/local/lib/python3.12/shutil.py", O_RDONLY|O_CLOEXEC) = 3
fstat(3, {st_mode=S_IFREG|0644, st_size=56762, ...}) = 0
ioctl(3, TCGETS, 0x7ffdb1b18890)        = -1 ENOTTY (Inappropriate ioctl for device)
lseek(3, 0, SEEK_CUR)                   = 0
lseek(3, 0, SEEK_CUR)                   = 0
fstat(3, {st_mode=S_IFREG|0644, st_size=56762, ...}) = 0
read(3, "\"\"\"Utility functions for copying"..., 56763) = 56762
read(3, "", 1)                          = 0
close(3)                                = 0
newfstatat(AT_FDCWD, "/usr/local/bin", {st_mode=S_IFDIR|0755, st_size=4096, ...}, 0) = 0
newfstatat(AT_FDCWD, "/usr/local/lib/python3.12", {st_mode=S_IFDIR|0755, st_size=4096, ...}, 0) = 0
newfstatat(AT_FDCWD, "/usr/local/lib/python3.12/lib-dynload", {st_mode=S_IFDIR|0755, st_size=4096, ...}, 0) = 0
newfstatat(AT_FDCWD, "/usr/local/lib/python3.12/lib-dynload/zlib.cpython-312-x86_64-linux-gnu.so", {st_mode=S_IFREG|0755, st_size=50192, ...}, 0) = 0
openat(AT_FDCWD, "/usr/local/lib/python3.12/lib-dynload/zlib.cpython-312-x86_64-linux-gnu.so", O_RDONLY|O_CLOEXEC) = 3
read(3, "\177ELF\2\1\1\0\0\0\0\0\0\0\0\0\3\0>\0\1\0\0\0\0\0\0\0\0\0\0\0"..., 832) = 832
fstat(3, {st_mode=S_IFREG|0755, st_size=50192, ...}) = 0
mmap(NULL, 52296, PROT_READ, MAP_PRIVATE|MAP_DENYWRITE, 3, 0) = 0x7d62b89e8000
mmap(0x7d62b89eb000, 20480, PROT_READ|PROT_EXEC, MAP_PRIVATE|MAP_FIXED|MAP_DENYWRITE, 3, 0x3000) = 0x7d62b89eb000
mmap(0x7d62b89f0000, 12288, PROT_READ, MAP_PRIVATE|MAP_FIXED|MAP_DENYWRITE, 3, 0x8000) = 0x7d62b89f0000
mmap(0x7d62b89f3000, 8192, PROT_READ|PROT_WRITE, MAP_PRIVATE|MAP_FIXED|MAP_DENYWRITE, 3, 0xa000) = 0x7d62b89f3000
close(3)                                = 0
mprotect(0x7d62b89f3000, 4096, PROT_READ) = 0
newfstatat(AT_FDCWD, "/usr/local/bin", {st_mode=S_IFDIR|0755, st_size=4096, ...}, 0) = 0
newfstatat(AT_FDCWD, "/usr/local/lib/python3.12", {st_mode=S_IFDIR|0755, st_size=4096, ...}, 0) = 0
newfstatat(AT_FDCWD, "/usr/local/lib/python3.12/bz2.py", {st_mode=S_IFREG|0644, st_size=11847, ...}, 0) = 0
newfstatat(AT_FDCWD, "/usr/local/lib/python3.12/bz2.py", {st_mode=S_IFREG|0644, st_size=11847, ...}, 0) = 0
openat(AT_FDCWD, "/usr/local/lib/python3.12/__pycache__/bz2.cpython-312.pyc", O_RDONLY|O_CLOEXEC) = -1 ENOENT (No such file or directory)
openat(AT_FDCWD, "/usr/local/lib/python3.12/bz2.py", O_RDONLY|O_CLOEXEC) = 3
fstat(3, {st_mode=S_IFREG|0644, st_size=11847, ...}) = 0
ioctl(3, TCGETS, 0x7ffdb1b18140)        = -1 ENOTTY (Inappropriate ioctl for device)
lseek(3, 0, SEEK_CUR)                   = 0
lseek(3, 0, SEEK_CUR)                   = 0
fstat(3, {st_mode=S_IFREG|0644, st_size=11847, ...}) = 0
read(3, "\"\"\"Interface to the libbzip2 com"..., 11848) = 11847
read(3, "", 1)                          = 0
close(3)                                = 0
newfstatat(AT_FDCWD, "/usr/local/bin", {st_mode=S_IFDIR|0755, st_size=4096, ...}, 0) = 0
newfstatat(AT_FDCWD, "/usr/local/lib/python3.12", {st_mode=S_IFDIR|0755, st_size=4096, ...}, 0) = 0
newfstatat(AT_FDCWD, "/usr/local/lib/python3.12/_compression.py", {st_mode=S_IFREG|0644, st_size=5681, ...}, 0) = 0
newfstatat(AT_FDCWD, "/usr/local/lib/python3.12/_compression.py", {st_mode=S_IFREG|0644, st_size=5681, ...}, 0) = 0
openat(AT_FDCWD, "/usr/local/lib/python3.12/__pycache__/_compression.cpython-312.pyc", O_RDONLY|O_CLOEXEC) = -1 ENOENT (No such file or directory)
openat(AT_FDCWD, "/usr/local/lib/python3.12/_compression.py", O_RDONLY|O_CLOEXEC) = 3
fstat(3, {st_mode=S_IFREG|0644, st_size=5681, ...}) = 0
ioctl(3, TCGETS, 0x7ffdb1b179f0)        = -1 ENOTTY (Inappropriate ioctl for device)
lseek(3, 0, SEEK_CUR)                   = 0
lseek(3, 0, SEEK_CUR)                   = 0
fstat(3, {st_mode=S_IFREG|0644, st_size=5681, ...}) = 0
read(3, "\"\"\"Internal classes used by the "..., 5682) = 5681
read(3, "", 1)                          = 0
close(3)                                = 0
newfstatat(AT_FDCWD, "/usr/local/bin", {st_mode=S_IFDIR|0755, st_size=4096, ...}, 0) = 0
newfstatat(AT_FDCWD, "/usr/local/lib/python3.12", {st_mode=S_IFDIR|0755, st_size=4096, ...}, 0) = 0
newfstatat(AT_FDCWD, "/usr/local/lib/python3.12/lib-dynload", {st_mode=S_IFDIR|0755, st_size=4096, ...}, 0) = 0
newfstatat(AT_FDCWD, "/usr/local/lib/python3.12/lib-dynload/_bz2.cpython-312-x86_64-linux-gnu.so", {st_mode=S_IFREG|0755, st_size=27888, ...}, 0) = 0
openat(AT_FDCWD, "/usr/local/lib/python3.12/lib-dynload/_bz2.cpython-312-x86_64-linux-gnu.so", O_RDONLY|O_CLOEXEC) = 3
read(3, "\177ELF\2\1\1\0\0\0\0\0\0\0\0\0\3\0>\0\1\0\0\0\0\0\0\0\0\0\0\0"..., 832) = 832
fstat(3, {st_mode=S_IFREG|0755, st_size=27888, ...}) = 0
mmap(NULL, 29992, PROT_READ, MAP_PRIVATE|MAP_DENYWRITE, 3, 0) = 0x7d62b89e0000
mmap(0x7d62b89e2000, 8192, PROT_READ|PROT_EXEC, MAP_PRIVATE|MAP_FIXED|MAP_DENYWRITE, 3, 0x2000) = 0x7d62b89e2000
mmap(0x7d62b89e4000, 8192, PROT_READ, MAP_PRIVATE|MAP_FIXED|MAP_DENYWRITE, 3, 0x4000) = 0x7d62b89e4000
mmap(0x7d62b89e6000, 8192, PROT_READ|PROT_WRITE, MAP_PRIVATE|MAP_FIXED|MAP_DENYWRITE, 3, 0x5000) = 0x7d62b89e6000
close(3)                                = 0
openat(AT_FDCWD, "/etc/ld.so.cache", O_RDONLY|O_CLOEXEC) = 3
fstat(3, {st_mode=S_IFREG|0644, st_size=7267, ...}) = 0
mmap(NULL, 7267, PROT_READ, MAP_PRIVATE, 3, 0) = 0x7d62b89de000
close(3)                                = 0
openat(AT_FDCWD, "/lib/x86_64-linux-gnu/libbz2.so.1.0", O_RDONLY|O_CLOEXEC) = 3
read(3, "\177ELF\2\1\1\0\0\0\0\0\0\0\0\0\3\0>\0\1\0\0\0\0\0\0\0\0\0\0\0"..., 832) = 832
fstat(3, {st_mode=S_IFREG|0644, st_size=74688, ...}) = 0
mmap(NULL, 76840, PROT_READ, MAP_PRIVATE|MAP_DENYWRITE, 3, 0) = 0x7d62b86a4000
mmap(0x7d62b86a6000, 53248, PROT_READ|PROT_EXEC, MAP_PRIVATE|MAP_FIXED|MAP_DENYWRITE, 3, 0x2000) = 0x7d62b86a6000
mmap(0x7d62b86b3000, 8192, PROT_READ, MAP_PRIVATE|MAP_FIXED|MAP_DENYWRITE, 3, 0xf000) = 0x7d62b86b3000
mmap(0x7d62b86b5000, 8192, PROT_READ|PROT_WRITE, MAP_PRIVATE|MAP_FIXED|MAP_DENYWRITE, 3, 0x10000) = 0x7d62b86b5000
close(3)                                = 0
mprotect(0x7d62b86b5000, 4096, PROT_READ) = 0
mprotect(0x7d62b89e6000, 4096, PROT_READ) = 0
munmap(0x7d62b89de000, 7267)            = 0
newfstatat(AT_FDCWD, "/usr/local/bin", {st_mode=S_IFDIR|0755, st_size=4096, ...}, 0) = 0
newfstatat(AT_FDCWD, "/usr/local/lib/python3.12", {st_mode=S_IFDIR|0755, st_size=4096, ...}, 0) = 0
newfstatat(AT_FDCWD, "/usr/local/lib/python3.12/lzma.py", {st_mode=S_IFREG|0644, st_size=13277, ...}, 0) = 0
newfstatat(AT_FDCWD, "/usr/local/lib/python3.12/lzma.py", {st_mode=S_IFREG|0644, st_size=13277, ...}, 0) = 0
openat(AT_FDCWD, "/usr/local/lib/python3.12/__pycache__/lzma.cpython-312.pyc", O_RDONLY|O_CLOEXEC) = -1 ENOENT (No such file or directory)
openat(AT_FDCWD, "/usr/local/lib/python3.12/lzma.py", O_RDONLY|O_CLOEXEC) = 3
fstat(3, {st_mode=S_IFREG|0644, st_size=13277, ...}) = 0
ioctl(3, TCGETS, 0x7ffdb1b18140)        = -1 ENOTTY (Inappropriate ioctl for device)
lseek(3, 0, SEEK_CUR)                   = 0
lseek(3, 0, SEEK_CUR)                   = 0
fstat(3, {st_mode=S_IFREG|0644, st_size=13277, ...}) = 0
read(3, "\"\"\"Interface to the liblzma comp"..., 13278) = 13277
read(3, "", 1)                          = 0
close(3)                                = 0
newfstatat(AT_FDCWD, "/usr/local/bin", {st_mode=S_IFDIR|0755, st_size=4096, ...}, 0) = 0
newfstatat(AT_FDCWD, "/usr/local/lib/python3.12", {st_mode=S_IFDIR|0755, st_size=4096, ...}, 0) = 0
newfstatat(AT_FDCWD, "/usr/local/lib/python3.12/lib-dynload", {st_mode=S_IFDIR|0755, st_size=4096, ...}, 0) = 0
newfstatat(AT_FDCWD, "/usr/local/lib/python3.12/lib-dynload/_lzma.cpython-312-x86_64-linux-gnu.so", {st_mode=S_IFREG|0755, st_size=45000, ...}, 0) = 0
openat(AT_FDCWD, "/usr/local/lib/python3.12/lib-dynload/_lzma.cpython-312-x86_64-linux-gnu.so", O_RDONLY|O_CLOEXEC) = 3
read(3, "\177ELF\2\1\1\0\0\0\0\0\0\0\0\0\3\0>\0\1\0\0\0\0\0\0\0\0\0\0\0"..., 832) = 832
fstat(3, {st_mode=S_IFREG|0755, st_size=45000, ...}) = 0
mmap(NULL, 47104, PROT_READ, MAP_PRIVATE|MAP_DENYWRITE, 3, 0) = 0x7d62b8698000
mmap(0x7d62b869b000, 16384, PROT_READ|PROT_EXEC, MAP_PRIVATE|MAP_FIXED|MAP_DENYWRITE, 3, 0x3000) = 0x7d62b869b000
mmap(0x7d62b869f000, 12288, PROT_READ, MAP_PRIVATE|MAP_FIXED|MAP_DENYWRITE, 3, 0x7000) = 0x7d62b869f000
mmap(0x7d62b86a2000, 8192, PROT_READ|PROT_WRITE, MAP_PRIVATE|MAP_FIXED|MAP_DENYWRITE, 3, 0x9000) = 0x7d62b86a2000
close(3)                                = 0
openat(AT_FDCWD, "/etc/ld.so.cache", O_RDONLY|O_CLOEXEC) = 3
fstat(3, {st_mode=S_IFREG|0644, st_size=7267, ...}) = 0
mmap(NULL, 7267, PROT_READ, MAP_PRIVATE, 3, 0) = 0x7d62b89de000
close(3)                                = 0
openat(AT_FDCWD, "/lib/x86_64-linux-gnu/liblzma.so.5", O_RDONLY|O_CLOEXEC) = 3
read(3, "\177ELF\2\1\1\0\0\0\0\0\0\0\0\0\3\0>\0\1\0\0\0\0\0\0\0\0\0\0\0"..., 832) = 832
fstat(3, {st_mode=S_IFREG|0644, st_size=198832, ...}) = 0
mmap(NULL, 196824, PROT_READ, MAP_PRIVATE|MAP_DENYWRITE, 3, 0) = 0x7d62b8667000
mmap(0x7d62b866b000, 126976, PROT_READ|PROT_EXEC, MAP_PRIVATE|MAP_FIXED|MAP_DENYWRITE, 3, 0x4000) = 0x7d62b866b000
mmap(0x7d62b868a000, 49152, PROT_READ, MAP_PRIVATE|MAP_FIXED|MAP_DENYWRITE, 3, 0x23000) = 0x7d62b868a000
mmap(0x7d62b8696000, 8192, PROT_READ|PROT_WRITE, MAP_PRIVATE|MAP_FIXED|MAP_DENYWRITE, 3, 0x2f000) = 0x7d62b8696000
close(3)                                = 0
mprotect(0x7d62b8696000, 4096, PROT_READ) = 0
mprotect(0x7d62b86a2000, 4096, PROT_READ) = 0
munmap(0x7d62b89de000, 7267)            = 0
newfstatat(AT_FDCWD, "/usr/local/bin", {st_mode=S_IFDIR|0755, st_size=4096, ...}, 0) = 0
newfstatat(AT_FDCWD, "/usr/local/lib/python3.12", {st_mode=S_IFDIR|0755, st_size=4096, ...}, 0) = 0
newfstatat(AT_FDCWD, "/usr/local/lib/python3.12/struct.py", {st_mode=S_IFREG|0644, st_size=257, ...}, 0) = 0
newfstatat(AT_FDCWD, "/usr/local/lib/python3.12/struct.py", {st_mode=S_IFREG|0644, st_size=257, ...}, 0) = 0
openat(AT_FDCWD, "/usr/local/lib/python3.12/__pycache__/struct.cpython-312.pyc", O_RDONLY|O_CLOEXEC) = -1 ENOENT (No such file or directory)
openat(AT_FDCWD, "/usr/local/lib/python3.12/struct.py", O_RDONLY|O_CLOEXEC) = 3
fstat(3, {st_mode=S_IFREG|0644, st_size=257, ...}) = 0
ioctl(3, TCGETS, 0x7ffdb1b18890)        = -1 ENOTTY (Inappropriate ioctl for device)
lseek(3, 0, SEEK_CUR)                   = 0
lseek(3, 0, SEEK_CUR)                   = 0
fstat(3, {st_mode=S_IFREG|0644, st_size=257, ...}) = 0
read(3, "__all__ = [\n    # Functions\n    "..., 258) = 257
read(3, "", 1)                          = 0
close(3)                                = 0
newfstatat(AT_FDCWD, "/usr/local/bin", {st_mode=S_IFDIR|0755, st_size=4096, ...}, 0) = 0
newfstatat(AT_FDCWD, "/usr/local/lib/python3.12", {st_mode=S_IFDIR|0755, st_size=4096, ...}, 0) = 0
newfstatat(AT_FDCWD, "/usr/local/lib/python3.12/lib-dynload", {st_mode=S_IFDIR|0755, st_size=4096, ...}, 0) = 0
newfstatat(AT_FDCWD, "/usr/local/lib/python3.12/lib-dynload/_struct.cpython-312-x86_64-linux-gnu.so", {st_mode=S_IFREG|0755, st_size=54992, ...}, 0) = 0
openat(AT_FDCWD, "/usr/local/lib/python3.12/lib-dynload/_struct.cpython-312-x86_64-linux-gnu.so", O_RDONLY|O_CLOEXEC) = 3
read(3, "\177ELF\2\1\1\0\0\0\0\0\0\0\0\0\3\0>\0\1\0\0\0\0\0\0\0\0\0\0\0"..., 832) = 832
fstat(3, {st_mode=S_IFREG|0755, st_size=54992, ...}) = 0
mmap(NULL, 53000, PROT_READ, MAP_PRIVATE|MAP_DENYWRITE, 3, 0) = 0x7d62b865a000
mmap(0x7d62b865d000, 20480, PROT_READ|PROT_EXEC, MAP_PRIVATE|MAP_FIXED|MAP_DENYWRITE, 3, 0x3000) = 0x7d62b865d000
mmap(0x7d62b8662000, 12288, PROT_READ, MAP_PRIVATE|MAP_FIXED|MAP_DENYWRITE, 3, 0x8000) = 0x7d62b8662000
mmap(0x7d62b8665000, 8192, PROT_READ|PROT_WRITE, MAP_PRIVATE|MAP_FIXED|MAP_DENYWRITE, 3, 0xb000) = 0x7d62b8665000
close(3)                                = 0
mprotect(0x7d62b8665000, 4096, PROT_READ) = 0
newfstatat(AT_FDCWD, "/usr/local/bin", {st_mode=S_IFDIR|0755, st_size=4096, ...}, 0) = 0
newfstatat(AT_FDCWD, "/usr/local/lib/python3.12", {st_mode=S_IFDIR|0755, st_size=4096, ...}, 0) = 0
newfstatat(AT_FDCWD, "/usr/local/lib/python3.12/threading.py", {st_mode=S_IFREG|0644, st_size=60200, ...}, 0) = 0
newfstatat(AT_FDCWD, "/usr/local/lib/python3.12/threading.py", {st_mode=S_IFREG|0644, st_size=60200, ...}, 0) = 0
openat(AT_FDCWD, "/usr/local/lib/python3.12/__pycache__/threading.cpython-312.pyc", O_RDONLY|O_CLOEXEC) = -1 ENOENT (No such file or directory)
openat(AT_FDCWD, "/usr/local/lib/python3.12/threading.py", O_RDONLY|O_CLOEXEC) = 3
fstat(3, {st_mode=S_IFREG|0644, st_size=60200, ...}) = 0
ioctl(3, TCGETS, 0x7ffdb1b18890)        = -1 ENOTTY (Inappropriate ioctl for device)
lseek(3, 0, SEEK_CUR)                   = 0
lseek(3, 0, SEEK_CUR)                   = 0
fstat(3, {st_mode=S_IFREG|0644, st_size=60200, ...}) = 0
read(3, "\"\"\"Thread module emulating a sub"..., 60201) = 60200
read(3, "", 1)                          = 0
close(3)                                = 0
newfstatat(AT_FDCWD, "/usr/local/bin", {st_mode=S_IFDIR|0755, st_size=4096, ...}, 0) = 0
newfstatat(AT_FDCWD, "/usr/local/lib/python3.12", {st_mode=S_IFDIR|0755, st_size=4096, ...}, 0) = 0
newfstatat(AT_FDCWD, "/usr/local/lib/python3.12/_weakrefset.py", {st_mode=S_IFREG|0644, st_size=5893, ...}, 0) = 0
newfstatat(AT_FDCWD, "/usr/local/lib/python3.12/_weakrefset.py", {st_mode=S_IFREG|0644, st_size=5893, ...}, 0) = 0
openat(AT_FDCWD, "/usr/local/lib/python3.12/__pycache__/_weakrefset.cpython-312.pyc", O_RDONLY|O_CLOEXEC) = -1 ENOENT (No such file or directory)
openat(AT_FDCWD, "/usr/local/lib/python3.12/_weakrefset.py", O_RDONLY|O_CLOEXEC) = 3
fstat(3, {st_mode=S_IFREG|0644, st_size=5893, ...}) = 0
ioctl(3, TCGETS, 0x7ffdb1b18140)        = -1 ENOTTY (Inappropriate ioctl for device)
lseek(3, 0, SEEK_CUR)                   = 0
lseek(3, 0, SEEK_CUR)                   = 0
fstat(3, {st_mode=S_IFREG|0644, st_size=5893, ...}) = 0
read(3, "# Access WeakSet through the wea"..., 5894) = 5893
read(3, "", 1)                          = 0
close(3)                                = 0
gettid()                                = 186
newfstatat(AT_FDCWD, "/usr/local/lib/python3.12/zipfile", {st_mode=S_IFDIR|0755, st_size=4096, ...}, 0) = 0
newfstatat(AT_FDCWD, "/usr/local/lib/python3.12/zipfile", {st_mode=S_IFDIR|0755, st_size=4096, ...}, 0) = 0
newfstatat(AT_FDCWD, "/usr/local/lib/python3.12/zipfile", {st_mode=S_IFDIR|0755, st_size=4096, ...}, 0) = 0
openat(AT_FDCWD, "/usr/local/lib/python3.12/zipfile", O_RDONLY|O_NONBLOCK|O_CLOEXEC|O_DIRECTORY) = 3
fstat(3, {st_mode=S_IFDIR|0755, st_size=4096, ...}) = 0
getdents64(3, 0x555ba5388aa0 /* 6 entries */, 32768) = 176
getdents64(3, 0x555ba5388aa0 /* 0 entries */, 32768) = 0
close(3)                                = 0
newfstatat(AT_FDCWD, "/usr/local/lib/python3.12/zipfile/_path/__init__.cpython-312-x86_64-linux-gnu.so", 0x7ffdb1b18b30, 0) = -1 ENOENT (No such file or directory)
newfstatat(AT_FDCWD, "/usr/local/lib/python3.12/zipfile/_path/__init__.abi3.so", 0x7ffdb1b18b30, 0) = -1 ENOENT (No such file or directory)
newfstatat(AT_FDCWD, "/usr/local/lib/python3.12/zipfile/_path/__init__.so", 0x7ffdb1b18b30, 0) = -1 ENOENT (No such file or directory)
newfstatat(AT_FDCWD, "/usr/local/lib/python3.12/zipfile/_path/__init__.py", {st_mode=S_IFREG|0644, st_size=10860, ...}, 0) = 0
newfstatat(AT_FDCWD, "/usr/local/lib/python3.12/zipfile/_path/__init__.py", {st_mode=S_IFREG|0644, st_size=10860, ...}, 0) = 0
openat(AT_FDCWD, "/usr/local/lib/python3.12/zipfile/_path/__pycache__/__init__.cpython-312.pyc", O_RDONLY|O_CLOEXEC) = -1 ENOENT (No such file or directory)
openat(AT_FDCWD, "/usr/local/lib/python3.12/zipfile/_path/__init__.py", O_RDONLY|O_CLOEXEC) = 3
fstat(3, {st_mode=S_IFREG|0644, st_size=10860, ...}) = 0
ioctl(3, TCGETS, 0x7ffdb1b18890)        = -1 ENOTTY (Inappropriate ioctl for device)
lseek(3, 0, SEEK_CUR)                   = 0
lseek(3, 0, SEEK_CUR)                   = 0
fstat(3, {st_mode=S_IFREG|0644, st_size=10860, ...}) = 0
read(3, "\"\"\"\nA Path-like interface for zi"..., 10861) = 10860
read(3, "", 1)                          = 0
close(3)                                = 0
newfstatat(AT_FDCWD, "/usr/local/lib/python3.12/zipfile/_path", {st_mode=S_IFDIR|0755, st_size=4096, ...}, 0) = 0
newfstatat(AT_FDCWD, "/usr/local/lib/python3.12/zipfile/_path", {st_mode=S_IFDIR|0755, st_size=4096, ...}, 0) = 0
newfstatat(AT_FDCWD, "/usr/local/lib/python3.12/zipfile/_path", {st_mode=S_IFDIR|0755, st_size=4096, ...}, 0) = 0
openat(AT_FDCWD, "/usr/local/lib/python3.12/zipfile/_path", O_RDONLY|O_NONBLOCK|O_CLOEXEC|O_DIRECTORY) = 3
fstat(3, {st_mode=S_IFDIR|0755, st_size=4096, ...}) = 0
getdents64(3, 0x555ba5388aa0 /* 5 entries */, 32768) = 144
getdents64(3, 0x555ba5388aa0 /* 0 entries */, 32768) = 0
close(3)                                = 0
newfstatat(AT_FDCWD, "/usr/local/lib/python3.12/zipfile/_path/glob.py", {st_mode=S_IFREG|0644, st_size=1158, ...}, 0) = 0
newfstatat(AT_FDCWD, "/usr/local/lib/python3.12/zipfile/_path/glob.py", {st_mode=S_IFREG|0644, st_size=1158, ...}, 0) = 0
openat(AT_FDCWD, "/usr/local/lib/python3.12/zipfile/_path/__pycache__/glob.cpython-312.pyc", O_RDONLY|O_CLOEXEC) = -1 ENOENT (No such file or directory)
openat(AT_FDCWD, "/usr/local/lib/python3.12/zipfile/_path/glob.py", O_RDONLY|O_CLOEXEC) = 3
fstat(3, {st_mode=S_IFREG|0644, st_size=1158, ...}) = 0
ioctl(3, TCGETS, 0x7ffdb1b18140)        = -1 ENOTTY (Inappropriate ioctl for device)
lseek(3, 0, SEEK_CUR)                   = 0
lseek(3, 0, SEEK_CUR)                   = 0
fstat(3, {st_mode=S_IFREG|0644, st_size=1158, ...}) = 0
read(3, "import re\n\n\ndef translate(patter"..., 1159) = 1158
read(3, "", 1)                          = 0
close(3)                                = 0
newfstatat(AT_FDCWD, "/usr/local/bin", {st_mode=S_IFDIR|0755, st_size=4096, ...}, 0) = 0
newfstatat(AT_FDCWD, "/usr/local/lib/python3.12", {st_mode=S_IFDIR|0755, st_size=4096, ...}, 0) = 0
newfstatat(AT_FDCWD, "/usr/local/lib/python3.12/inspect.py", {st_mode=S_IFREG|0644, st_size=127125, ...}, 0) = 0
newfstatat(AT_FDCWD, "/usr/local/lib/python3.12/inspect.py", {st_mode=S_IFREG|0644, st_size=127125, ...}, 0) = 0
openat(AT_FDCWD, "/usr/local/lib/python3.12/__pycache__/inspect.cpython-312.pyc", O_RDONLY|O_CLOEXEC) = -1 ENOENT (No such file or directory)
openat(AT_FDCWD, "/usr/local/lib/python3.12/inspect.py", O_RDONLY|O_CLOEXEC) = 3
fstat(3, {st_mode=S_IFREG|0644, st_size=127125, ...}) = 0
ioctl(3, TCGETS, 0x7ffdb1b18fe0)        = -1 ENOTTY (Inappropriate ioctl for device)
lseek(3, 0, SEEK_CUR)                   = 0
lseek(3, 0, SEEK_CUR)                   = 0
fstat(3, {st_mode=S_IFREG|0644, st_size=127125, ...}) = 0
read(3, "\"\"\"Get useful information from l"..., 127126) = 127125
read(3, "", 1)                          = 0
close(3)                                = 0
brk(0x555ba55ca000)                     = 0x555ba55ca000
brk(0x555ba55ec000)                     = 0x555ba55ec000
brk(0x555ba5622000)                     = 0x555ba5622000
brk(0x555ba5644000)                     = 0x555ba5644000
brk(0x555ba567c000)                     = 0x555ba567c000
brk(0x555ba569e000)                     = 0x555ba569e000
brk(0x555ba56e4000)                     = 0x555ba56e4000
brk(0x555ba5706000)                     = 0x555ba5706000
mmap(NULL, 278528, PROT_READ|PROT_WRITE, MAP_PRIVATE|MAP_ANONYMOUS, -1, 0) = 0x7d62b8616000
mmap(NULL, 266240, PROT_READ|PROT_WRITE, MAP_PRIVATE|MAP_ANONYMOUS, -1, 0) = 0x7d62b85d5000
mmap(NULL, 1048576, PROT_READ|PROT_WRITE, MAP_PRIVATE|MAP_ANONYMOUS, -1, 0) = 0x7d62b84d5000
munmap(0x7d62b85d5000, 266240)          = 0
brk(0x555ba572b000)                     = 0x555ba572b000
brk(0x555ba567b000)                     = 0x555ba567b000
munmap(0x7d62b8616000, 278528)          = 0
newfstatat(AT_FDCWD, "/usr/local/bin", {st_mode=S_IFDIR|0755, st_size=4096, ...}, 0) = 0
newfstatat(AT_FDCWD, "/usr/local/lib/python3.12", {st_mode=S_IFDIR|0755, st_size=4096, ...}, 0) = 0
newfstatat(AT_FDCWD, "/usr/local/lib/python3.12/ast.py", {st_mode=S_IFREG|0644, st_size=64452, ...}, 0) = 0
newfstatat(AT_FDCWD, "/usr/local/lib/python3.12/ast.py", {st_mode=S_IFREG|0644, st_size=64452, ...}, 0) = 0
openat(AT_FDCWD, "/usr/local/lib/python3.12/__pycache__/ast.cpython-312.pyc", O_RDONLY|O_CLOEXEC) = -1 ENOENT (No such file or directory)
openat(AT_FDCWD, "/usr/local/lib/python3.12/ast.py", O_RDONLY|O_CLOEXEC) = 3
fstat(3, {st_mode=S_IFREG|0644, st_size=64452, ...}) = 0
ioctl(3, TCGETS, 0x7ffdb1b18890)        = -1 ENOTTY (Inappropriate ioctl for device)
lseek(3, 0, SEEK_CUR)                   = 0
lseek(3, 0, SEEK_CUR)                   = 0
fstat(3, {st_mode=S_IFREG|0644, st_size=64452, ...}) = 0
read(3, "\"\"\"\n    ast\n    ~~~\n\n    The `as"..., 64453) = 64452
read(3, "", 1)                          = 0
close(3)                                = 0
brk(0x555ba56ad000)                     = 0x555ba56ad000
newfstatat(AT_FDCWD, "/usr/local/bin", {st_mode=S_IFDIR|0755, st_size=4096, ...}, 0) = 0
newfstatat(AT_FDCWD, "/usr/local/lib/python3.12", strace: Process 186 detached
 <detached ...>
