 --- modulename: manage, funcname: <module>
manage.py(2):  """Django's command-line utility for administrative tasks."""
manage.py(3):  import os
manage.py(4):  import sys
manage.py(7):  def main():
manage.py(21):  if __name__ == '__main__':
manage.py(22):      main()
 --- modulename: manage, funcname: main
manage.py(9):      os.environ.setdefault('DJANGO_SETTINGS_MODULE', 'astra_sales.settings')
 --- modulename: os, funcname: setdefault
<frozen os>(752)
 --- modulename: _collections_abc, funcname: __contains__
<frozen _collections_abc>(812)
<frozen _collections_abc>(813)
 --- modulename: os, funcname: __getitem__
<frozen os>(710)
<frozen os>(711)
 --- modulename: os, funcname: encode
<frozen os>(792)
<frozen os>(794)
<frozen os>(712)
<frozen os>(714)
<frozen _collections_abc>(814)
<frozen _collections_abc>(815)
<frozen os>(753)
 --- modulename: os, funcname: __setitem__
<frozen os>(718)
 --- modulename: os, funcname: encode
<frozen os>(792)
<frozen os>(794)
<frozen os>(719)
 --- modulename: os, funcname: encode
<frozen os>(792)
<frozen os>(794)
<frozen os>(720)
<frozen os>(721)
<frozen os>(754)
 --- modulename: os, funcname: __getitem__
<frozen os>(710)
<frozen os>(711)
 --- modulename: os, funcname: encode
<frozen os>(792)
<frozen os>(794)
<frozen os>(715)
 --- modulename: os, funcname: decode
<frozen os>(796)
manage.py(10):      try:
manage.py(11):          from django.core.management import execute_from_command_line
 --- modulename: _bootstrap, funcname: _find_and_load
<frozen importlib._bootstrap>(1354)
<frozen importlib._bootstrap>(1355)
<frozen importlib._bootstrap>(1357)
 --- modulename: _bootstrap, funcname: __init__
<frozen importlib._bootstrap>(413)
<frozen importlib._bootstrap>(414)
 --- modulename: _bootstrap, funcname: __enter__
<frozen importlib._bootstrap>(417)
 --- modulename: _bootstrap, funcname: _get_module_lock
<frozen importlib._bootstrap>(432)
<frozen importlib._bootstrap>(433)
<frozen importlib._bootstrap>(434)
<frozen importlib._bootstrap>(435)
<frozen importlib._bootstrap>(436)
<frozen importlib._bootstrap>(437)
<frozen importlib._bootstrap>(439)
<frozen importlib._bootstrap>(440)
<frozen importlib._bootstrap>(443)
 --- modulename: _bootstrap, funcname: __init__
<frozen importlib._bootstrap>(253)
<frozen importlib._bootstrap>(254)
<frozen importlib._bootstrap>(257)
<frozen importlib._bootstrap>(261)
<frozen importlib._bootstrap>(272)
<frozen importlib._bootstrap>(286)
<frozen importlib._bootstrap>(445)
<frozen importlib._bootstrap>(456)
<frozen importlib._bootstrap>(458)
<frozen importlib._bootstrap>(460)
<frozen importlib._bootstrap>(418)
 --- modulename: _bootstrap, funcname: acquire
<frozen importlib._bootstrap>(310)
<frozen importlib._bootstrap>(311)
 --- modulename: _bootstrap, funcname: __init__
<frozen importlib._bootstrap>(159)
<frozen importlib._bootstrap>(160)
 --- modulename: _bootstrap, funcname: __enter__
<frozen importlib._bootstrap>(170)
 --- modulename: _bootstrap, funcname: setdefault
<frozen importlib._bootstrap>(125)
<frozen importlib._bootstrap>(126)
<frozen importlib._bootstrap>(127)
<frozen importlib._bootstrap>(128)
<frozen importlib._bootstrap>(129)
<frozen importlib._bootstrap>(130)
<frozen importlib._bootstrap>(132)
 --- modulename: _bootstrap, funcname: __new__
<frozen importlib._bootstrap>(75)
<frozen importlib._bootstrap>(76)
<frozen importlib._bootstrap>(77)
 --- modulename: _bootstrap, funcname: __init__
<frozen importlib._bootstrap>(80)
<frozen importlib._bootstrap>(133)
<frozen importlib._bootstrap>(171)
<frozen importlib._bootstrap>(312)
<frozen importlib._bootstrap>(316)
<frozen importlib._bootstrap>(317)
<frozen importlib._bootstrap>(324)
<frozen importlib._bootstrap>(325)
<frozen importlib._bootstrap>(326)
<frozen importlib._bootstrap>(316)
<frozen importlib._bootstrap>(311)
 --- modulename: _bootstrap, funcname: __exit__
<frozen importlib._bootstrap>(175)
 --- modulename: _bootstrap, funcname: remove
<frozen importlib._bootstrap>(86)
<frozen importlib._bootstrap>(87)
<frozen importlib._bootstrap>(88)
<frozen importlib._bootstrap>(91)
<frozen importlib._bootstrap>(1358)
<frozen importlib._bootstrap>(1359)
<frozen importlib._bootstrap>(1360)
 --- modulename: _bootstrap, funcname: _find_and_load_unlocked
<frozen importlib._bootstrap>(1305)
<frozen importlib._bootstrap>(1306)
<frozen importlib._bootstrap>(1307)
<frozen importlib._bootstrap>(1308)
<frozen importlib._bootstrap>(1309)
<frozen importlib._bootstrap>(1310)
 --- modulename: _bootstrap, funcname: _call_with_frames_removed
<frozen importlib._bootstrap>(488)
 --- modulename: _bootstrap, funcname: _find_and_load
<frozen importlib._bootstrap>(1354)
<frozen importlib._bootstrap>(1355)
<frozen importlib._bootstrap>(1357)
 --- modulename: _bootstrap, funcname: __init__
<frozen importlib._bootstrap>(413)
<frozen importlib._bootstrap>(414)
 --- modulename: _bootstrap, funcname: __enter__
<frozen importlib._bootstrap>(417)
 --- modulename: _bootstrap, funcname: _get_module_lock
<frozen importlib._bootstrap>(432)
<frozen importlib._bootstrap>(433)
<frozen importlib._bootstrap>(434)
<frozen importlib._bootstrap>(435)
<frozen importlib._bootstrap>(436)
<frozen importlib._bootstrap>(437)
<frozen importlib._bootstrap>(439)
<frozen importlib._bootstrap>(440)
<frozen importlib._bootstrap>(443)
 --- modulename: _bootstrap, funcname: __init__
<frozen importlib._bootstrap>(253)
<frozen importlib._bootstrap>(254)
<frozen importlib._bootstrap>(257)
<frozen importlib._bootstrap>(261)
<frozen importlib._bootstrap>(272)
<frozen importlib._bootstrap>(286)
<frozen importlib._bootstrap>(445)
<frozen importlib._bootstrap>(456)
<frozen importlib._bootstrap>(458)
<frozen importlib._bootstrap>(460)
<frozen importlib._bootstrap>(418)
 --- modulename: _bootstrap, funcname: acquire
<frozen importlib._bootstrap>(310)
<frozen importlib._bootstrap>(311)
 --- modulename: _bootstrap, funcname: __init__
<frozen importlib._bootstrap>(159)
<frozen importlib._bootstrap>(160)
 --- modulename: _bootstrap, funcname: __enter__
<frozen importlib._bootstrap>(170)
 --- modulename: _bootstrap, funcname: setdefault
<frozen importlib._bootstrap>(125)
<frozen importlib._bootstrap>(126)
<frozen importlib._bootstrap>(127)
<frozen importlib._bootstrap>(128)
<frozen importlib._bootstrap>(129)
<frozen importlib._bootstrap>(130)
<frozen importlib._bootstrap>(132)
 --- modulename: _bootstrap, funcname: __new__
<frozen importlib._bootstrap>(75)
<frozen importlib._bootstrap>(76)
<frozen importlib._bootstrap>(77)
 --- modulename: _bootstrap, funcname: __init__
<frozen importlib._bootstrap>(80)
<frozen importlib._bootstrap>(133)
<frozen importlib._bootstrap>(171)
<frozen importlib._bootstrap>(312)
<frozen importlib._bootstrap>(316)
<frozen importlib._bootstrap>(317)
<frozen importlib._bootstrap>(324)
<frozen importlib._bootstrap>(325)
<frozen importlib._bootstrap>(326)
<frozen importlib._bootstrap>(316)
<frozen importlib._bootstrap>(311)
 --- modulename: _bootstrap, funcname: __exit__
<frozen importlib._bootstrap>(175)
 --- modulename: _bootstrap, funcname: remove
<frozen importlib._bootstrap>(86)
<frozen importlib._bootstrap>(87)
<frozen importlib._bootstrap>(88)
<frozen importlib._bootstrap>(91)
<frozen importlib._bootstrap>(1358)
<frozen importlib._bootstrap>(1359)
<frozen importlib._bootstrap>(1360)
 --- modulename: _bootstrap, funcname: _find_and_load_unlocked
<frozen importlib._bootstrap>(1305)
<frozen importlib._bootstrap>(1306)
<frozen importlib._bootstrap>(1307)
<frozen importlib._bootstrap>(1308)
<frozen importlib._bootstrap>(1309)
<frozen importlib._bootstrap>(1310)
 --- modulename: _bootstrap, funcname: _call_with_frames_removed
<frozen importlib._bootstrap>(488)
 --- modulename: _bootstrap, funcname: _find_and_load
<frozen importlib._bootstrap>(1354)
<frozen importlib._bootstrap>(1355)
<frozen importlib._bootstrap>(1357)
 --- modulename: _bootstrap, funcname: __init__
<frozen importlib._bootstrap>(413)
<frozen importlib._bootstrap>(414)
 --- modulename: _bootstrap, funcname: __enter__
<frozen importlib._bootstrap>(417)
 --- modulename: _bootstrap, funcname: _get_module_lock
<frozen importlib._bootstrap>(432)
<frozen importlib._bootstrap>(433)
<frozen importlib._bootstrap>(434)
<frozen importlib._bootstrap>(435)
<frozen importlib._bootstrap>(436)
<frozen importlib._bootstrap>(437)
<frozen importlib._bootstrap>(439)
<frozen importlib._bootstrap>(440)
<frozen importlib._bootstrap>(443)
 --- modulename: _bootstrap, funcname: __init__
<frozen importlib._bootstrap>(253)
<frozen importlib._bootstrap>(254)
<frozen importlib._bootstrap>(257)
<frozen importlib._bootstrap>(261)
<frozen importlib._bootstrap>(272)
<frozen importlib._bootstrap>(286)
<frozen importlib._bootstrap>(445)
<frozen importlib._bootstrap>(456)
<frozen importlib._bootstrap>(458)
<frozen importlib._bootstrap>(460)
<frozen importlib._bootstrap>(418)
 --- modulename: _bootstrap, funcname: acquire
<frozen importlib._bootstrap>(310)
<frozen importlib._bootstrap>(311)
 --- modulename: _bootstrap, funcname: __init__
<frozen importlib._bootstrap>(159)
<frozen importlib._bootstrap>(160)
 --- modulename: _bootstrap, funcname: __enter__
<frozen importlib._bootstrap>(170)
 --- modulename: _bootstrap, funcname: setdefault
<frozen importlib._bootstrap>(125)
<frozen importlib._bootstrap>(126)
<frozen importlib._bootstrap>(127)
<frozen importlib._bootstrap>(128)
<frozen importlib._bootstrap>(129)
<frozen importlib._bootstrap>(130)
<frozen importlib._bootstrap>(132)
 --- modulename: _bootstrap, funcname: __new__
<frozen importlib._bootstrap>(75)
<frozen importlib._bootstrap>(76)
<frozen importlib._bootstrap>(77)
 --- modulename: _bootstrap, funcname: __init__
<frozen importlib._bootstrap>(80)
<frozen importlib._bootstrap>(133)
<frozen importlib._bootstrap>(171)
<frozen importlib._bootstrap>(312)
<frozen importlib._bootstrap>(316)
<frozen importlib._bootstrap>(317)
<frozen importlib._bootstrap>(324)
<frozen importlib._bootstrap>(325)
<frozen importlib._bootstrap>(326)
<frozen importlib._bootstrap>(316)
<frozen importlib._bootstrap>(311)
 --- modulename: _bootstrap, funcname: __exit__
<frozen importlib._bootstrap>(175)
 --- modulename: _bootstrap, funcname: remove
<frozen importlib._bootstrap>(86)
<frozen importlib._bootstrap>(87)
<frozen importlib._bootstrap>(88)
<frozen importlib._bootstrap>(91)
<frozen importlib._bootstrap>(1358)
<frozen importlib._bootstrap>(1359)
<frozen importlib._bootstrap>(1360)
 --- modulename: _bootstrap, funcname: _find_and_load_unlocked
<frozen importlib._bootstrap>(1305)
<frozen importlib._bootstrap>(1306)
<frozen importlib._bootstrap>(1307)
<frozen importlib._bootstrap>(1308)
<frozen importlib._bootstrap>(1322)
 --- modulename: _bootstrap, funcname: _find_spec
<frozen importlib._bootstrap>(1242)
<frozen importlib._bootstrap>(1243)
<frozen importlib._bootstrap>(1248)
<frozen importlib._bootstrap>(1254)
<frozen importlib._bootstrap>(1255)
<frozen importlib._bootstrap>(1256)
 --- modulename: _bootstrap, funcname: __enter__
<frozen importlib._bootstrap>(1224)
<frozen importlib._bootstrap>(1257)
<frozen importlib._bootstrap>(1258)
<frozen importlib._bootstrap>(1262)
 --- modulename: _bootstrap, funcname: find_spec
<frozen importlib._bootstrap>(984)
<frozen importlib._bootstrap>(987)
<frozen importlib._bootstrap>(1256)
 --- modulename: _bootstrap, funcname: __exit__
<frozen importlib._bootstrap>(1228)
<frozen importlib._bootstrap>(1263)
<frozen importlib._bootstrap>(1255)
<frozen importlib._bootstrap>(1256)
 --- modulename: _bootstrap, funcname: __enter__
<frozen importlib._bootstrap>(1224)
<frozen importlib._bootstrap>(1257)
<frozen importlib._bootstrap>(1258)
<frozen importlib._bootstrap>(1262)
 --- modulename: _bootstrap, funcname: find_spec
<frozen importlib._bootstrap>(1130)
 --- modulename: _bootstrap, funcname: _call_with_frames_removed
<frozen importlib._bootstrap>(488)
<frozen importlib._bootstrap>(1131)
<frozen importlib._bootstrap>(1132)
<frozen importlib._bootstrap>(1256)
 --- modulename: _bootstrap, funcname: __exit__
<frozen importlib._bootstrap>(1228)
<frozen importlib._bootstrap>(1263)
<frozen importlib._bootstrap>(1255)
<frozen importlib._bootstrap>(1256)
 --- modulename: _bootstrap, funcname: __enter__
<frozen importlib._bootstrap>(1224)
<frozen importlib._bootstrap>(1257)
<frozen importlib._bootstrap>(1258)
<frozen importlib._bootstrap>(1262)
 --- modulename: _bootstrap_external, funcname: find_spec
<frozen importlib._bootstrap_external>(1530)
<frozen importlib._bootstrap_external>(1531)
<frozen importlib._bootstrap_external>(1532)
 --- modulename: _bootstrap_external, funcname: _get_spec
<frozen importlib._bootstrap_external>(1500)
<frozen importlib._bootstrap_external>(1501)
<frozen importlib._bootstrap_external>(1502)
<frozen importlib._bootstrap_external>(1504)
 --- modulename: _bootstrap_external, funcname: _path_importer_cache
<frozen importlib._bootstrap_external>(1481)
<frozen importlib._bootstrap_external>(1482)
<frozen importlib._bootstrap_external>(1483)
<frozen importlib._bootstrap_external>(1488)
<frozen importlib._bootstrap_external>(1489)
<frozen importlib._bootstrap_external>(1493)
<frozen importlib._bootstrap_external>(1505)
<frozen importlib._bootstrap_external>(1506)
 --- modulename: _bootstrap_external, funcname: find_spec
<frozen importlib._bootstrap_external>(1602)
<frozen importlib._bootstrap_external>(1603)
<frozen importlib._bootstrap_external>(1604)
<frozen importlib._bootstrap_external>(1605)
 --- modulename: _bootstrap_external, funcname: _path_stat
<frozen importlib._bootstrap_external>(147)
<frozen importlib._bootstrap_external>(1608)
<frozen importlib._bootstrap_external>(1612)
 --- modulename: _bootstrap_external, funcname: _relax_case
<frozen importlib._bootstrap_external>(73)
<frozen importlib._bootstrap_external>(1616)
<frozen importlib._bootstrap_external>(1617)
<frozen importlib._bootstrap_external>(1619)
<frozen importlib._bootstrap_external>(1631)
<frozen importlib._bootstrap_external>(1632)
<frozen importlib._bootstrap_external>(1633)
 --- modulename: _bootstrap_external, funcname: _path_join
<frozen importlib._bootstrap_external>(128)
<frozen importlib._bootstrap_external>(129)
<frozen importlib._bootstrap_external>(128)
<frozen importlib._bootstrap_external>(129)
<frozen importlib._bootstrap_external>(128)
<frozen importlib._bootstrap_external>(129)
<frozen importlib._bootstrap_external>(128)
<frozen importlib._bootstrap_external>(129)
<frozen importlib._bootstrap_external>(128)
<frozen importlib._bootstrap_external>(1636)
 --- modulename: _bootstrap, funcname: _verbose_message
<frozen importlib._bootstrap>(493)
<frozen importlib._bootstrap_external>(1637)
<frozen importlib._bootstrap_external>(1631)
<frozen importlib._bootstrap_external>(1632)
<frozen importlib._bootstrap_external>(1633)
 --- modulename: _bootstrap_external, funcname: _path_join
<frozen importlib._bootstrap_external>(128)
<frozen importlib._bootstrap_external>(129)
<frozen importlib._bootstrap_external>(128)
<frozen importlib._bootstrap_external>(129)
<frozen importlib._bootstrap_external>(128)
<frozen importlib._bootstrap_external>(129)
<frozen importlib._bootstrap_external>(128)
<frozen importlib._bootstrap_external>(129)
<frozen importlib._bootstrap_external>(128)
<frozen importlib._bootstrap_external>(1636)
 --- modulename: _bootstrap, funcname: _verbose_message
<frozen importlib._bootstrap>(493)
<frozen importlib._bootstrap_external>(1637)
<frozen importlib._bootstrap_external>(1631)
<frozen importlib._bootstrap_external>(1632)
<frozen importlib._bootstrap_external>(1633)
 --- modulename: _bootstrap_external, funcname: _path_join
<frozen importlib._bootstrap_external>(128)
<frozen importlib._bootstrap_external>(129)
<frozen importlib._bootstrap_external>(128)
<frozen importlib._bootstrap_external>(129)
<frozen importlib._bootstrap_external>(128)
<frozen importlib._bootstrap_external>(129)
<frozen importlib._bootstrap_external>(128)
<frozen importlib._bootstrap_external>(129)
<frozen importlib._bootstrap_external>(128)
<frozen importlib._bootstrap_external>(1636)
 --- modulename: _bootstrap, funcname: _verbose_message
<frozen importlib._bootstrap>(493)
<frozen importlib._bootstrap_external>(1637)
<frozen importlib._bootstrap_external>(1631)
<frozen importlib._bootstrap_external>(1632)
<frozen importlib._bootstrap_external>(1633)
 --- modulename: _bootstrap_external, funcname: _path_join
<frozen importlib._bootstrap_external>(128)
<frozen importlib._bootstrap_external>(129)
<frozen importlib._bootstrap_external>(128)
<frozen importlib._bootstrap_external>(129)
<frozen importlib._bootstrap_external>(128)
<frozen importlib._bootstrap_external>(129)
<frozen importlib._bootstrap_external>(128)
<frozen importlib._bootstrap_external>(129)
<frozen importlib._bootstrap_external>(128)
<frozen importlib._bootstrap_external>(1636)
 --- modulename: _bootstrap, funcname: _verbose_message
<frozen importlib._bootstrap>(493)
<frozen importlib._bootstrap_external>(1637)
<frozen importlib._bootstrap_external>(1631)
<frozen importlib._bootstrap_external>(1632)
<frozen importlib._bootstrap_external>(1633)
 --- modulename: _bootstrap_external, funcname: _path_join
<frozen importlib._bootstrap_external>(128)
<frozen importlib._bootstrap_external>(129)
<frozen importlib._bootstrap_external>(128)
<frozen importlib._bootstrap_external>(129)
<frozen importlib._bootstrap_external>(128)
<frozen importlib._bootstrap_external>(129)
<frozen importlib._bootstrap_external>(128)
<frozen importlib._bootstrap_external>(129)
<frozen importlib._bootstrap_external>(128)
<frozen importlib._bootstrap_external>(1636)
 --- modulename: _bootstrap, funcname: _verbose_message
<frozen importlib._bootstrap>(493)
<frozen importlib._bootstrap_external>(1637)
<frozen importlib._bootstrap_external>(1631)
<frozen importlib._bootstrap_external>(1641)
<frozen importlib._bootstrap_external>(1646)
<frozen importlib._bootstrap_external>(1507)
<frozen importlib._bootstrap_external>(1508)
<frozen importlib._bootstrap_external>(1501)
<frozen importlib._bootstrap_external>(1502)
<frozen importlib._bootstrap_external>(1504)
 --- modulename: _bootstrap_external, funcname: _path_importer_cache
<frozen importlib._bootstrap_external>(1481)
<frozen importlib._bootstrap_external>(1488)
<frozen importlib._bootstrap_external>(1489)
<frozen importlib._bootstrap_external>(1493)
<frozen importlib._bootstrap_external>(1505)
<frozen importlib._bootstrap_external>(1501)
<frozen importlib._bootstrap_external>(1502)
<frozen importlib._bootstrap_external>(1504)
 --- modulename: _bootstrap_external, funcname: _path_importer_cache
<frozen importlib._bootstrap_external>(1481)
<frozen importlib._bootstrap_external>(1488)
<frozen importlib._bootstrap_external>(1489)
<frozen importlib._bootstrap_external>(1493)
<frozen importlib._bootstrap_external>(1505)
<frozen importlib._bootstrap_external>(1506)
 --- modulename: _bootstrap_external, funcname: find_spec
<frozen importlib._bootstrap_external>(1602)
<frozen importlib._bootstrap_external>(1603)
<frozen importlib._bootstrap_external>(1604)
<frozen importlib._bootstrap_external>(1605)
 --- modulename: _bootstrap_external, funcname: _path_stat
<frozen importlib._bootstrap_external>(147)
<frozen importlib._bootstrap_external>(1608)
<frozen importlib._bootstrap_external>(1612)
 --- modulename: _bootstrap_external, funcname: _relax_case
<frozen importlib._bootstrap_external>(73)
<frozen importlib._bootstrap_external>(1616)
<frozen importlib._bootstrap_external>(1617)
<frozen importlib._bootstrap_external>(1619)
<frozen importlib._bootstrap_external>(1631)
<frozen importlib._bootstrap_external>(1632)
<frozen importlib._bootstrap_external>(1633)
 --- modulename: _bootstrap_external, funcname: _path_join
<frozen importlib._bootstrap_external>(128)
<frozen importlib._bootstrap_external>(129)
<frozen importlib._bootstrap_external>(128)
<frozen importlib._bootstrap_external>(129)
<frozen importlib._bootstrap_external>(128)
<frozen importlib._bootstrap_external>(129)
<frozen importlib._bootstrap_external>(128)
<frozen importlib._bootstrap_external>(129)
<frozen importlib._bootstrap_external>(128)
<frozen importlib._bootstrap_external>(1636)
 --- modulename: _bootstrap, funcname: _verbose_message
<frozen importlib._bootstrap>(493)
<frozen importlib._bootstrap_external>(1637)
<frozen importlib._bootstrap_external>(1631)
<frozen importlib._bootstrap_external>(1632)
<frozen importlib._bootstrap_external>(1633)
 --- modulename: _bootstrap_external, funcname: _path_join
<frozen importlib._bootstrap_external>(128)
<frozen importlib._bootstrap_external>(129)
<frozen importlib._bootstrap_external>(128)
<frozen importlib._bootstrap_external>(129)
<frozen importlib._bootstrap_external>(128)
<frozen importlib._bootstrap_external>(129)
<frozen importlib._bootstrap_external>(128)
<frozen importlib._bootstrap_external>(129)
<frozen importlib._bootstrap_external>(128)
<frozen importlib._bootstrap_external>(1636)
 --- modulename: _bootstrap, funcname: _verbose_message
<frozen importlib._bootstrap>(493)
<frozen importlib._bootstrap_external>(1637)
<frozen importlib._bootstrap_external>(1631)
<frozen importlib._bootstrap_external>(1632)
<frozen importlib._bootstrap_external>(1633)
 --- modulename: _bootstrap_external, funcname: _path_join
<frozen importlib._bootstrap_external>(128)
<frozen importlib._bootstrap_external>(129)
<frozen importlib._bootstrap_external>(128)
<frozen importlib._bootstrap_external>(129)
<frozen importlib._bootstrap_external>(128)
<frozen importlib._bootstrap_external>(129)
<frozen importlib._bootstrap_external>(128)
<frozen importlib._bootstrap_external>(129)
<frozen importlib._bootstrap_external>(128)
<frozen importlib._bootstrap_external>(1636)
 --- modulename: _bootstrap, funcname: _verbose_message
<frozen importlib._bootstrap>(493)
<frozen importlib._bootstrap_external>(1637)
<frozen importlib._bootstrap_external>(1631)
<frozen importlib._bootstrap_external>(1632)
<frozen importlib._bootstrap_external>(1633)
 --- modulename: _bootstrap_external, funcname: _path_join
<frozen importlib._bootstrap_external>(128)
<frozen importlib._bootstrap_external>(129)
<frozen importlib._bootstrap_external>(128)
<frozen importlib._bootstrap_external>(129)
<frozen importlib._bootstrap_external>(128)
<frozen importlib._bootstrap_external>(129)
<frozen importlib._bootstrap_external>(128)
<frozen importlib._bootstrap_external>(129)
<frozen importlib._bootstrap_external>(128)
<frozen importlib._bootstrap_external>(1636)
 --- modulename: _bootstrap, funcname: _verbose_message
<frozen importlib._bootstrap>(493)
<frozen importlib._bootstrap_external>(1637)
<frozen importlib._bootstrap_external>(1631)
<frozen importlib._bootstrap_external>(1632)
<frozen importlib._bootstrap_external>(1633)
 --- modulename: _bootstrap_external, funcname: _path_join
<frozen importlib._bootstrap_external>(128)
<frozen importlib._bootstrap_external>(129)
<frozen importlib._bootstrap_external>(128)
<frozen importlib._bootstrap_external>(129)
<frozen importlib._bootstrap_external>(128)
<frozen importlib._bootstrap_external>(129)
<frozen importlib._bootstrap_external>(128)
<frozen importlib._bootstrap_external>(129)
<frozen importlib._bootstrap_external>(128)
<frozen importlib._bootstrap_external>(1636)
 --- modulename: _bootstrap, funcname: _verbose_message
<frozen importlib._bootstrap>(493)
<frozen importlib._bootstrap_external>(1637)
<frozen importlib._bootstrap_external>(1631)
<frozen importlib._bootstrap_external>(1641)
<frozen importlib._bootstrap_external>(1646)
<frozen importlib._bootstrap_external>(1507)
<frozen importlib._bootstrap_external>(1508)
<frozen importlib._bootstrap_external>(1501)
<frozen importlib._bootstrap_external>(1502)
<frozen importlib._bootstrap_external>(1504)
 --- modulename: _bootstrap_external, funcname: _path_importer_cache
<frozen importlib._bootstrap_external>(1481)
<frozen importlib._bootstrap_external>(1488)
<frozen importlib._bootstrap_external>(1489)
<frozen importlib._bootstrap_external>(1493)
<frozen importlib._bootstrap_external>(1505)
<frozen importlib._bootstrap_external>(1506)
 --- modulename: _bootstrap_external, funcname: find_spec
<frozen importlib._bootstrap_external>(1602)
<frozen importlib._bootstrap_external>(1603)
<frozen importlib._bootstrap_external>(1604)
<frozen importlib._bootstrap_external>(1605)
 --- modulename: _bootstrap_external, funcname: _path_stat
<frozen importlib._bootstrap_external>(147)
<frozen importlib._bootstrap_external>(1608)
<frozen importlib._bootstrap_external>(1612)
 --- modulename: _bootstrap_external, funcname: _relax_case
<frozen importlib._bootstrap_external>(73)
<frozen importlib._bootstrap_external>(1616)
<frozen importlib._bootstrap_external>(1617)
<frozen importlib._bootstrap_external>(1619)
<frozen importlib._bootstrap_external>(1631)
<frozen importlib._bootstrap_external>(1632)
<frozen importlib._bootstrap_external>(1633)
 --- modulename: _bootstrap_external, funcname: _path_join
<frozen importlib._bootstrap_external>(128)
<frozen importlib._bootstrap_external>(129)
<frozen importlib._bootstrap_external>(128)
<frozen importlib._bootstrap_external>(129)
<frozen importlib._bootstrap_external>(128)
<frozen importlib._bootstrap_external>(129)
<frozen importlib._bootstrap_external>(128)
<frozen importlib._bootstrap_external>(129)
<frozen importlib._bootstrap_external>(128)
<frozen importlib._bootstrap_external>(1636)
 --- modulename: _bootstrap, funcname: _verbose_message
<frozen importlib._bootstrap>(493)
<frozen importlib._bootstrap_external>(1637)
<frozen importlib._bootstrap_external>(1631)
<frozen importlib._bootstrap_external>(1632)
<frozen importlib._bootstrap_external>(1633)
 --- modulename: _bootstrap_external, funcname: _path_join
<frozen importlib._bootstrap_external>(128)
<frozen importlib._bootstrap_external>(129)
<frozen importlib._bootstrap_external>(128)
<frozen importlib._bootstrap_external>(129)
<frozen importlib._bootstrap_external>(128)
<frozen importlib._bootstrap_external>(129)
<frozen importlib._bootstrap_external>(128)
<frozen importlib._bootstrap_external>(129)
<frozen importlib._bootstrap_external>(128)
<frozen importlib._bootstrap_external>(1636)
 --- modulename: _bootstrap, funcname: _verbose_message
<frozen importlib._bootstrap>(493)
<frozen importlib._bootstrap_external>(1637)
<frozen importlib._bootstrap_external>(1631)
<frozen importlib._bootstrap_external>(1632)
<frozen importlib._bootstrap_external>(1633)
 --- modulename: _bootstrap_external, funcname: _path_join
<frozen importlib._bootstrap_external>(128)
<frozen importlib._bootstrap_external>(129)
<frozen importlib._bootstrap_external>(128)
<frozen importlib._bootstrap_external>(129)
<frozen importlib._bootstrap_external>(128)
<frozen importlib._bootstrap_external>(129)
<frozen importlib._bootstrap_external>(128)
<frozen importlib._bootstrap_external>(129)
<frozen importlib._bootstrap_external>(128)
<frozen importlib._bootstrap_external>(1636)
 --- modulename: _bootstrap, funcname: _verbose_message
<frozen importlib._bootstrap>(493)
<frozen importlib._bootstrap_external>(1637)
<frozen importlib._bootstrap_external>(1631)
<frozen importlib._bootstrap_external>(1632)
<frozen importlib._bootstrap_external>(1633)
 --- modulename: _bootstrap_external, funcname: _path_join
<frozen importlib._bootstrap_external>(128)
<frozen importlib._bootstrap_external>(129)
<frozen importlib._bootstrap_external>(128)
<frozen importlib._bootstrap_external>(129)
<frozen importlib._bootstrap_external>(128)
<frozen importlib._bootstrap_external>(129)
<frozen importlib._bootstrap_external>(128)
<frozen importlib._bootstrap_external>(129)
<frozen importlib._bootstrap_external>(128)
<frozen importlib._bootstrap_external>(1636)
 --- modulename: _bootstrap, funcname: _verbose_message
<frozen importlib._bootstrap>(493)
<frozen importlib._bootstrap_external>(1637)
<frozen importlib._bootstrap_external>(1631)
<frozen importlib._bootstrap_external>(1632)
<frozen importlib._bootstrap_external>(1633)
 --- modulename: _bootstrap_external, funcname: _path_join
<frozen importlib._bootstrap_external>(128)
<frozen importlib._bootstrap_external>(129)
<frozen importlib._bootstrap_external>(128)
<frozen importlib._bootstrap_external>(129)
<frozen importlib._bootstrap_external>(128)
<frozen importlib._bootstrap_external>(129)
<frozen importlib._bootstrap_external>(128)
<frozen importlib._bootstrap_external>(129)
<frozen importlib._bootstrap_external>(128)
<frozen importlib._bootstrap_external>(1636)
 --- modulename: _bootstrap, funcname: _verbose_message
<frozen importlib._bootstrap>(493)
<frozen importlib._bootstrap_external>(1637)
<frozen importlib._bootstrap_external>(1631)
<frozen importlib._bootstrap_external>(1641)
<frozen importlib._bootstrap_external>(1646)
<frozen importlib._bootstrap_external>(1507)
<frozen importlib._bootstrap_external>(1508)
<frozen importlib._bootstrap_external>(1501)
<frozen importlib._bootstrap_external>(1502)
<frozen importlib._bootstrap_external>(1504)
 --- modulename: _bootstrap_external, funcname: _path_importer_cache
<frozen importlib._bootstrap_external>(1481)
<frozen importlib._bootstrap_external>(1488)
<frozen importlib._bootstrap_external>(1489)
<frozen importlib._bootstrap_external>(1493)
<frozen importlib._bootstrap_external>(1505)
<frozen importlib._bootstrap_external>(1506)
 --- modulename: _bootstrap_external, funcname: find_spec
<frozen importlib._bootstrap_external>(1602)
<frozen importlib._bootstrap_external>(1603)
<frozen importlib._bootstrap_external>(1604)
<frozen importlib._bootstrap_external>(1605)
 --- modulename: _bootstrap_external, funcname: _path_stat
<frozen importlib._bootstrap_external>(147)
<frozen importlib._bootstrap_external>(1608)
<frozen importlib._bootstrap_external>(1612)
 --- modulename: _bootstrap_external, funcname: _relax_case
<frozen importlib._bootstrap_external>(73)
<frozen importlib._bootstrap_external>(1616)
<frozen importlib._bootstrap_external>(1617)
<frozen importlib._bootstrap_external>(1619)
<frozen importlib._bootstrap_external>(1620)
 --- modulename: _bootstrap_external, funcname: _path_join
<frozen importlib._bootstrap_external>(128)
<frozen importlib._bootstrap_external>(129)
<frozen importlib._bootstrap_external>(128)
<frozen importlib._bootstrap_external>(129)
<frozen importlib._bootstrap_external>(128)
<frozen importlib._bootstrap_external>(129)
<frozen importlib._bootstrap_external>(128)
<frozen importlib._bootstrap_external>(129)
<frozen importlib._bootstrap_external>(128)
<frozen importlib._bootstrap_external>(1621)
<frozen importlib._bootstrap_external>(1622)
<frozen importlib._bootstrap_external>(1623)
 --- modulename: _bootstrap_external, funcname: _path_join
<frozen importlib._bootstrap_external>(128)
<frozen importlib._bootstrap_external>(129)
<frozen importlib._bootstrap_external>(128)
<frozen importlib._bootstrap_external>(129)
<frozen importlib._bootstrap_external>(128)
<frozen importlib._bootstrap_external>(129)
<frozen importlib._bootstrap_external>(128)
<frozen importlib._bootstrap_external>(129)
<frozen importlib._bootstrap_external>(128)
<frozen importlib._bootstrap_external>(1624)
 --- modulename: _bootstrap_external, funcname: _path_isfile
<frozen importlib._bootstrap_external>(161)
 --- modulename: _bootstrap_external, funcname: _path_is_mode_type
<frozen importlib._bootstrap_external>(152)
<frozen importlib._bootstrap_external>(153)
 --- modulename: _bootstrap_external, funcname: _path_stat
<frozen importlib._bootstrap_external>(147)
<frozen importlib._bootstrap_external>(154)
<frozen importlib._bootstrap_external>(155)
<frozen importlib._bootstrap_external>(1621)
<frozen importlib._bootstrap_external>(1622)
<frozen importlib._bootstrap_external>(1623)
 --- modulename: _bootstrap_external, funcname: _path_join
<frozen importlib._bootstrap_external>(128)
<frozen importlib._bootstrap_external>(129)
<frozen importlib._bootstrap_external>(128)
<frozen importlib._bootstrap_external>(129)
<frozen importlib._bootstrap_external>(128)
<frozen importlib._bootstrap_external>(129)
<frozen importlib._bootstrap_external>(128)
<frozen importlib._bootstrap_external>(129)
<frozen importlib._bootstrap_external>(128)
<frozen importlib._bootstrap_external>(1624)
 --- modulename: _bootstrap_external, funcname: _path_isfile
<frozen importlib._bootstrap_external>(161)
 --- modulename: _bootstrap_external, funcname: _path_is_mode_type
<frozen importlib._bootstrap_external>(152)
<frozen importlib._bootstrap_external>(153)
 --- modulename: _bootstrap_external, funcname: _path_stat
<frozen importlib._bootstrap_external>(147)
<frozen importlib._bootstrap_external>(154)
<frozen importlib._bootstrap_external>(155)
<frozen importlib._bootstrap_external>(1621)
<frozen importlib._bootstrap_external>(1622)
<frozen importlib._bootstrap_external>(1623)
 --- modulename: _bootstrap_external, funcname: _path_join
<frozen importlib._bootstrap_external>(128)
<frozen importlib._bootstrap_external>(129)
<frozen importlib._bootstrap_external>(128)
<frozen importlib._bootstrap_external>(129)
<frozen importlib._bootstrap_external>(128)
<frozen importlib._bootstrap_external>(129)
<frozen importlib._bootstrap_external>(128)
<frozen importlib._bootstrap_external>(129)
<frozen importlib._bootstrap_external>(128)
<frozen importlib._bootstrap_external>(1624)
 --- modulename: _bootstrap_external, funcname: _path_isfile
<frozen importlib._bootstrap_external>(161)
 --- modulename: _bootstrap_external, funcname: _path_is_mode_type
<frozen importlib._bootstrap_external>(152)
<frozen importlib._bootstrap_external>(153)
 --- modulename: _bootstrap_external, funcname: _path_stat
<frozen importlib._bootstrap_external>(147)
<frozen importlib._bootstrap_external>(154)
<frozen importlib._bootstrap_external>(155)
<frozen importlib._bootstrap_external>(1621)
<frozen importlib._bootstrap_external>(1622)
<frozen importlib._bootstrap_external>(1623)
 --- modulename: _bootstrap_external, funcname: _path_join
<frozen importlib._bootstrap_external>(128)
<frozen importlib._bootstrap_external>(129)
<frozen importlib._bootstrap_external>(128)
<frozen importlib._bootstrap_external>(129)
<frozen importlib._bootstrap_external>(128)
<frozen importlib._bootstrap_external>(129)
<frozen importlib._bootstrap_external>(128)
<frozen importlib._bootstrap_external>(129)
<frozen importlib._bootstrap_external>(128)
<frozen importlib._bootstrap_external>(1624)
 --- modulename: _bootstrap_external, funcname: _path_isfile
<frozen importlib._bootstrap_external>(161)
 --- modulename: _bootstrap_external, funcname: _path_is_mode_type
<frozen importlib._bootstrap_external>(152)
<frozen importlib._bootstrap_external>(153)
 --- modulename: _bootstrap_external, funcname: _path_stat
<frozen importlib._bootstrap_external>(147)
<frozen importlib._bootstrap_external>(156)
<frozen importlib._bootstrap_external>(1625)
 --- modulename: _bootstrap_external, funcname: _get_spec
<frozen importlib._bootstrap_external>(1593)
 --- modulename: _bootstrap_external, funcname: __init__
<frozen importlib._bootstrap_external>(1160)
<frozen importlib._bootstrap_external>(1161)
<frozen importlib._bootstrap_external>(1594)
<frozen importlib._bootstrap_external>(1595)
<frozen importlib._bootstrap_external>(1594)
 --- modulename: _bootstrap_external, funcname: spec_from_file_location
<frozen importlib._bootstrap_external>(818)
<frozen importlib._bootstrap_external>(830)
<frozen importlib._bootstrap_external>(831)
<frozen importlib._bootstrap_external>(832)
 --- modulename: _bootstrap_external, funcname: _path_abspath
<frozen importlib._bootstrap_external>(187)
 --- modulename: _bootstrap_external, funcname: _path_isabs
<frozen importlib._bootstrap_external>(182)
<frozen importlib._bootstrap_external>(192)
<frozen importlib._bootstrap_external>(842)
 --- modulename: _bootstrap, funcname: __init__
<frozen importlib._bootstrap>(601)
<frozen importlib._bootstrap>(602)
<frozen importlib._bootstrap>(603)
<frozen importlib._bootstrap>(604)
<frozen importlib._bootstrap>(605)
<frozen importlib._bootstrap>(606)
<frozen importlib._bootstrap>(609)
<frozen importlib._bootstrap>(610)
<frozen importlib._bootstrap_external>(843)
<frozen importlib._bootstrap_external>(846)
<frozen importlib._bootstrap_external>(856)
<frozen importlib._bootstrap_external>(867)
<frozen importlib._bootstrap_external>(868)
<frozen importlib._bootstrap_external>(873)
<frozen importlib._bootstrap_external>(1507)
<frozen importlib._bootstrap_external>(1509)
<frozen importlib._bootstrap_external>(1510)
<frozen importlib._bootstrap_external>(1533)
<frozen importlib._bootstrap_external>(1535)
<frozen importlib._bootstrap_external>(1546)
<frozen importlib._bootstrap>(1256)
 --- modulename: _bootstrap, funcname: __exit__
<frozen importlib._bootstrap>(1228)
<frozen importlib._bootstrap>(1263)
<frozen importlib._bootstrap>(1265)
<frozen importlib._bootstrap>(1280)
<frozen importlib._bootstrap>(1323)
<frozen importlib._bootstrap>(1326)
<frozen importlib._bootstrap>(1330)
<frozen importlib._bootstrap>(1331)
 --- modulename: _bootstrap, funcname: _load_unlocked
<frozen importlib._bootstrap>(913)
<frozen importlib._bootstrap>(915)
<frozen importlib._bootstrap>(921)
 --- modulename: _bootstrap, funcname: module_from_spec
<frozen importlib._bootstrap>(809)
<frozen importlib._bootstrap>(810)
<frozen importlib._bootstrap>(813)
 --- modulename: _bootstrap_external, funcname: create_module
<frozen importlib._bootstrap_external>(990)
<frozen importlib._bootstrap>(817)
<frozen importlib._bootstrap>(818)
 --- modulename: _bootstrap, funcname: _new_module
<frozen importlib._bootstrap>(49)
<frozen importlib._bootstrap>(819)
 --- modulename: _bootstrap, funcname: _init_module_attrs
<frozen importlib._bootstrap>(737)
<frozen importlib._bootstrap>(743)
<frozen importlib._bootstrap>(744)
<frozen importlib._bootstrap>(745)
<frozen importlib._bootstrap>(766)
<frozen importlib._bootstrap>(767)
<frozen importlib._bootstrap>(771)
<frozen importlib._bootstrap>(772)
<frozen importlib._bootstrap>(773)
 --- modulename: _bootstrap, funcname: parent
<frozen importlib._bootstrap>(648)
<frozen importlib._bootstrap>(651)
<frozen importlib._bootstrap>(777)
<frozen importlib._bootstrap>(778)
<frozen importlib._bootstrap>(782)
<frozen importlib._bootstrap>(783)
<frozen importlib._bootstrap>(785)
<frozen importlib._bootstrap>(786)
<frozen importlib._bootstrap>(790)
 --- modulename: _bootstrap, funcname: has_location
<frozen importlib._bootstrap>(655)
<frozen importlib._bootstrap>(791)
<frozen importlib._bootstrap>(792)
<frozen importlib._bootstrap>(793)
<frozen importlib._bootstrap>(797)
<frozen importlib._bootstrap>(798)
 --- modulename: _bootstrap, funcname: cached
<frozen importlib._bootstrap>(634)
<frozen importlib._bootstrap>(635)
<frozen importlib._bootstrap>(636)
<frozen importlib._bootstrap>(638)
 --- modulename: _bootstrap_external, funcname: _get_cached
<frozen importlib._bootstrap_external>(616)
<frozen importlib._bootstrap_external>(617)
<frozen importlib._bootstrap_external>(618)
 --- modulename: _bootstrap_external, funcname: cache_from_source
<frozen importlib._bootstrap_external>(504)
<frozen importlib._bootstrap_external>(511)
<frozen importlib._bootstrap_external>(512)
 --- modulename: _bootstrap_external, funcname: _path_split
<frozen importlib._bootstrap_external>(134)
 --- modulename: _bootstrap_external, funcname: <genexpr>
<frozen importlib._bootstrap_external>(134)
 --- modulename: _bootstrap_external, funcname: <genexpr>
<frozen importlib._bootstrap_external>(134)
<frozen importlib._bootstrap_external>(135)
<frozen importlib._bootstrap_external>(137)
<frozen importlib._bootstrap_external>(513)
<frozen importlib._bootstrap_external>(514)
<frozen importlib._bootstrap_external>(515)
<frozen importlib._bootstrap_external>(517)
<frozen importlib._bootstrap_external>(518)
<frozen importlib._bootstrap_external>(519)
<frozen importlib._bootstrap_external>(520)
<frozen importlib._bootstrap_external>(523)
<frozen importlib._bootstrap_external>(524)
<frozen importlib._bootstrap_external>(528)
<frozen importlib._bootstrap_external>(529)
<frozen importlib._bootstrap_external>(553)
 --- modulename: _bootstrap_external, funcname: _path_join
<frozen importlib._bootstrap_external>(128)
<frozen importlib._bootstrap_external>(129)
<frozen importlib._bootstrap_external>(128)
<frozen importlib._bootstrap_external>(129)
<frozen importlib._bootstrap_external>(128)
<frozen importlib._bootstrap_external>(129)
<frozen importlib._bootstrap_external>(128)
<frozen importlib._bootstrap_external>(129)
<frozen importlib._bootstrap_external>(128)
<frozen importlib._bootstrap_external>(129)
<frozen importlib._bootstrap_external>(128)
<frozen importlib._bootstrap>(639)
<frozen importlib._bootstrap>(799)
<frozen importlib._bootstrap>(800)
 --- modulename: _bootstrap, funcname: cached
<frozen importlib._bootstrap>(634)
<frozen importlib._bootstrap>(639)
<frozen importlib._bootstrap>(803)
<frozen importlib._bootstrap>(820)
<frozen importlib._bootstrap>(926)
<frozen importlib._bootstrap>(927)
<frozen importlib._bootstrap>(928)
<frozen importlib._bootstrap>(929)
<frozen importlib._bootstrap>(930)
<frozen importlib._bootstrap>(935)
 --- modulename: _bootstrap_external, funcname: exec_module
<frozen importlib._bootstrap_external>(995)
 --- modulename: _bootstrap_external, funcname: get_code
<frozen importlib._bootstrap_external>(1073)
 --- modulename: _bootstrap_external, funcname: _check_name_wrapper
<frozen importlib._bootstrap_external>(648)
<frozen importlib._bootstrap_external>(650)
<frozen importlib._bootstrap_external>(653)
 --- modulename: _bootstrap_external, funcname: get_filename
<frozen importlib._bootstrap_external>(1185)
<frozen importlib._bootstrap_external>(1074)
<frozen importlib._bootstrap_external>(1075)
<frozen importlib._bootstrap_external>(1076)
<frozen importlib._bootstrap_external>(1077)
<frozen importlib._bootstrap_external>(1078)
<frozen importlib._bootstrap_external>(1079)
<frozen importlib._bootstrap_external>(1080)
 --- modulename: _bootstrap_external, funcname: cache_from_source
<frozen importlib._bootstrap_external>(504)
<frozen importlib._bootstrap_external>(511)
<frozen importlib._bootstrap_external>(512)
 --- modulename: _bootstrap_external, funcname: _path_split
<frozen importlib._bootstrap_external>(134)
 --- modulename: _bootstrap_external, funcname: <genexpr>
<frozen importlib._bootstrap_external>(134)
 --- modulename: _bootstrap_external, funcname: <genexpr>
<frozen importlib._bootstrap_external>(134)
<frozen importlib._bootstrap_external>(135)
<frozen importlib._bootstrap_external>(137)
<frozen importlib._bootstrap_external>(513)
<frozen importlib._bootstrap_external>(514)
<frozen importlib._bootstrap_external>(515)
<frozen importlib._bootstrap_external>(517)
<frozen importlib._bootstrap_external>(518)
<frozen importlib._bootstrap_external>(519)
<frozen importlib._bootstrap_external>(520)
<frozen importlib._bootstrap_external>(523)
<frozen importlib._bootstrap_external>(524)
<frozen importlib._bootstrap_external>(528)
<frozen importlib._bootstrap_external>(529)
<frozen importlib._bootstrap_external>(553)
 --- modulename: _bootstrap_external, funcname: _path_join
<frozen importlib._bootstrap_external>(128)
<frozen importlib._bootstrap_external>(129)
<frozen importlib._bootstrap_external>(128)
<frozen importlib._bootstrap_external>(129)
<frozen importlib._bootstrap_external>(128)
<frozen importlib._bootstrap_external>(129)
<frozen importlib._bootstrap_external>(128)
<frozen importlib._bootstrap_external>(129)
<frozen importlib._bootstrap_external>(128)
<frozen importlib._bootstrap_external>(129)
<frozen importlib._bootstrap_external>(128)
<frozen importlib._bootstrap_external>(1084)
<frozen importlib._bootstrap_external>(1085)
 --- modulename: _bootstrap_external, funcname: path_stats
<frozen importlib._bootstrap_external>(1208)
 --- modulename: _bootstrap_external, funcname: _path_stat
<frozen importlib._bootstrap_external>(147)
<frozen importlib._bootstrap_external>(1209)
<frozen importlib._bootstrap_external>(1089)
<frozen importlib._bootstrap_external>(1090)
<frozen importlib._bootstrap_external>(1091)
 --- modulename: _bootstrap_external, funcname: get_data
<frozen importlib._bootstrap_external>(1189)
<frozen importlib._bootstrap_external>(1190)
<frozen importlib._bootstrap_external>(1191)
<frozen importlib._bootstrap_external>(1190)
<frozen importlib._bootstrap_external>(1096)
<frozen importlib._bootstrap_external>(1097)
<frozen importlib._bootstrap_external>(1095)
<frozen importlib._bootstrap_external>(1099)
<frozen importlib._bootstrap_external>(1100)
 --- modulename: _bootstrap_external, funcname: _classify_pyc
<frozen importlib._bootstrap_external>(686)
<frozen importlib._bootstrap_external>(687)
<frozen importlib._bootstrap_external>(691)
<frozen importlib._bootstrap_external>(695)
 --- modulename: _bootstrap_external, funcname: _unpack_uint32
<frozen importlib._bootstrap_external>(86)
<frozen importlib._bootstrap_external>(87)
<frozen importlib._bootstrap_external>(697)
<frozen importlib._bootstrap_external>(700)
<frozen importlib._bootstrap_external>(1101)
<frozen importlib._bootstrap_external>(1102)
<frozen importlib._bootstrap_external>(1103)
<frozen importlib._bootstrap_external>(1116)
<frozen importlib._bootstrap_external>(1117)
<frozen importlib._bootstrap_external>(1118)
<frozen importlib._bootstrap_external>(1119)
<frozen importlib._bootstrap_external>(1120)
<frozen importlib._bootstrap_external>(1121)
<frozen importlib._bootstrap_external>(1116)
 --- modulename: _bootstrap_external, funcname: _validate_timestamp_pyc
<frozen importlib._bootstrap_external>(722)
 --- modulename: _bootstrap_external, funcname: _unpack_uint32
<frozen importlib._bootstrap_external>(86)
<frozen importlib._bootstrap_external>(87)
<frozen importlib._bootstrap_external>(726)
<frozen importlib._bootstrap_external>(727)
 --- modulename: _bootstrap_external, funcname: _unpack_uint32
<frozen importlib._bootstrap_external>(86)
<frozen importlib._bootstrap_external>(87)
<frozen importlib._bootstrap_external>(1126)
<frozen importlib._bootstrap_external>(1127)
<frozen importlib._bootstrap_external>(1126)
 --- modulename: _bootstrap, funcname: _verbose_message
<frozen importlib._bootstrap>(493)
<frozen importlib._bootstrap_external>(1128)
<frozen importlib._bootstrap_external>(1129)
<frozen importlib._bootstrap_external>(1130)
<frozen importlib._bootstrap_external>(1128)
 --- modulename: _bootstrap_external, funcname: _compile_bytecode
<frozen importlib._bootstrap_external>(757)
<frozen importlib._bootstrap_external>(758)
<frozen importlib._bootstrap_external>(759)
 --- modulename: _bootstrap, funcname: _verbose_message
<frozen importlib._bootstrap>(493)
<frozen importlib._bootstrap_external>(760)
<frozen importlib._bootstrap_external>(761)
<frozen importlib._bootstrap_external>(762)
<frozen importlib._bootstrap_external>(996)
<frozen importlib._bootstrap_external>(999)
 --- modulename: _bootstrap, funcname: _call_with_frames_removed
<frozen importlib._bootstrap>(488)
 --- modulename: __init__, funcname: <module>
__init__.py(1):  from django.utils.version import get_version
 --- modulename: _bootstrap, funcname: _find_and_load
<frozen importlib._bootstrap>(1354)
<frozen importlib._bootstrap>(1355)
<frozen importlib._bootstrap>(1357)
 --- modulename: _bootstrap, funcname: __init__
<frozen importlib._bootstrap>(413)
<frozen importlib._bootstrap>(414)
 --- modulename: _bootstrap, funcname: __enter__
<frozen importlib._bootstrap>(417)
 --- modulename: _bootstrap, funcname: _get_module_lock
<frozen importlib._bootstrap>(432)
<frozen importlib._bootstrap>(433)
<frozen importlib._bootstrap>(434)
<frozen importlib._bootstrap>(435)
<frozen importlib._bootstrap>(436)
<frozen importlib._bootstrap>(437)
<frozen importlib._bootstrap>(439)
<frozen importlib._bootstrap>(440)
<frozen importlib._bootstrap>(443)
 --- modulename: _bootstrap, funcname: __init__
<frozen importlib._bootstrap>(253)
<frozen importlib._bootstrap>(254)
<frozen importlib._bootstrap>(257)
<frozen importlib._bootstrap>(261)
<frozen importlib._bootstrap>(272)
<frozen importlib._bootstrap>(286)
<frozen importlib._bootstrap>(445)
<frozen importlib._bootstrap>(456)
<frozen importlib._bootstrap>(458)
<frozen importlib._bootstrap>(460)
<frozen importlib._bootstrap>(418)
 --- modulename: _bootstrap, funcname: acquire
<frozen importlib._bootstrap>(310)
<frozen importlib._bootstrap>(311)
 --- modulename: _bootstrap, funcname: __init__
<frozen importlib._bootstrap>(159)
<frozen importlib._bootstrap>(160)
 --- modulename: _bootstrap, funcname: __enter__
<frozen importlib._bootstrap>(170)
 --- modulename: _bootstrap, funcname: setdefault
<frozen importlib._bootstrap>(125)
<frozen importlib._bootstrap>(126)
<frozen importlib._bootstrap>(127)
<frozen importlib._bootstrap>(128)
<frozen importlib._bootstrap>(129)
<frozen importlib._bootstrap>(130)
<frozen importlib._bootstrap>(132)
 --- modulename: _bootstrap, funcname: __new__
<frozen importlib._bootstrap>(75)
<frozen importlib._bootstrap>(76)
<frozen importlib._bootstrap>(77)
 --- modulename: _bootstrap, funcname: __init__
<frozen importlib._bootstrap>(80)
<frozen importlib._bootstrap>(133)
<frozen importlib._bootstrap>(171)
<frozen importlib._bootstrap>(312)
<frozen importlib._bootstrap>(316)
<frozen importlib._bootstrap>(317)
<frozen importlib._bootstrap>(324)
<frozen importlib._bootstrap>(325)
<frozen importlib._bootstrap>(326)
<frozen importlib._bootstrap>(316)
<frozen importlib._bootstrap>(311)
 --- modulename: _bootstrap, funcname: __exit__
<frozen importlib._bootstrap>(175)
 --- modulename: _bootstrap, funcname: remove
<frozen importlib._bootstrap>(86)
<frozen importlib._bootstrap>(87)
<frozen importlib._bootstrap>(88)
<frozen importlib._bootstrap>(91)
<frozen importlib._bootstrap>(1358)
<frozen importlib._bootstrap>(1359)
<frozen importlib._bootstrap>(1360)
 --- modulename: _bootstrap, funcname: _find_and_load_unlocked
<frozen importlib._bootstrap>(1305)
<frozen importlib._bootstrap>(1306)
<frozen importlib._bootstrap>(1307)
<frozen importlib._bootstrap>(1308)
<frozen importlib._bootstrap>(1309)
<frozen importlib._bootstrap>(1310)
 --- modulename: _bootstrap, funcname: _call_with_frames_removed
<frozen importlib._bootstrap>(488)
 --- modulename: _bootstrap, funcname: _find_and_load
<frozen importlib._bootstrap>(1354)
<frozen importlib._bootstrap>(1355)
<frozen importlib._bootstrap>(1357)
 --- modulename: _bootstrap, funcname: __init__
<frozen importlib._bootstrap>(413)
<frozen importlib._bootstrap>(414)
 --- modulename: _bootstrap, funcname: __enter__
<frozen importlib._bootstrap>(417)
 --- modulename: _bootstrap, funcname: _get_module_lock
<frozen importlib._bootstrap>(432)
<frozen importlib._bootstrap>(433)
<frozen importlib._bootstrap>(434)
<frozen importlib._bootstrap>(435)
<frozen importlib._bootstrap>(436)
<frozen importlib._bootstrap>(437)
<frozen importlib._bootstrap>(439)
<frozen importlib._bootstrap>(440)
<frozen importlib._bootstrap>(443)
 --- modulename: _bootstrap, funcname: __init__
<frozen importlib._bootstrap>(253)
<frozen importlib._bootstrap>(254)
<frozen importlib._bootstrap>(257)
<frozen importlib._bootstrap>(261)
<frozen importlib._bootstrap>(272)
<frozen importlib._bootstrap>(286)
<frozen importlib._bootstrap>(445)
<frozen importlib._bootstrap>(456)
<frozen importlib._bootstrap>(458)
<frozen importlib._bootstrap>(460)
<frozen importlib._bootstrap>(418)
 --- modulename: _bootstrap, funcname: acquire
<frozen importlib._bootstrap>(310)
<frozen importlib._bootstrap>(311)
 --- modulename: _bootstrap, funcname: __init__
<frozen importlib._bootstrap>(159)
<frozen importlib._bootstrap>(160)
 --- modulename: _bootstrap, funcname: __enter__
<frozen importlib._bootstrap>(170)
 --- modulename: _bootstrap, funcname: setdefault
<frozen importlib._bootstrap>(125)
<frozen importlib._bootstrap>(126)
<frozen importlib._bootstrap>(127)
<frozen importlib._bootstrap>(128)
<frozen importlib._bootstrap>(129)
<frozen importlib._bootstrap>(130)
<frozen importlib._bootstrap>(132)
 --- modulename: _bootstrap, funcname: __new__
<frozen importlib._bootstrap>(75)
<frozen importlib._bootstrap>(76)
<frozen importlib._bootstrap>(77)
 --- modulename: _bootstrap, funcname: __init__
<frozen importlib._bootstrap>(80)
<frozen importlib._bootstrap>(133)
<frozen importlib._bootstrap>(171)
<frozen importlib._bootstrap>(312)
<frozen importlib._bootstrap>(316)
<frozen importlib._bootstrap>(317)
<frozen importlib._bootstrap>(324)
<frozen importlib._bootstrap>(325)
<frozen importlib._bootstrap>(326)
<frozen importlib._bootstrap>(316)
<frozen importlib._bootstrap>(311)
 --- modulename: _bootstrap, funcname: __exit__
<frozen importlib._bootstrap>(175)
 --- modulename: _bootstrap, funcname: remove
<frozen importlib._bootstrap>(86)
<frozen importlib._bootstrap>(87)
<frozen importlib._bootstrap>(88)
<frozen importlib._bootstrap>(91)
<frozen importlib._bootstrap>(1358)
<frozen importlib._bootstrap>(1359)
<frozen importlib._bootstrap>(1360)
 --- modulename: _bootstrap, funcname: _find_and_load_unlocked
<frozen importlib._bootstrap>(1305)
<frozen importlib._bootstrap>(1306)
<frozen importlib._bootstrap>(1307)
<frozen importlib._bootstrap>(1308)
<frozen importlib._bootstrap>(1309)
<frozen importlib._bootstrap>(1312)
<frozen importlib._bootstrap>(1314)
<frozen importlib._bootstrap>(1315)
<frozen importlib._bootstrap>(1316)
<frozen importlib._bootstrap>(1320)
<frozen importlib._bootstrap>(1321)
<frozen importlib._bootstrap>(1322)
 --- modulename: _bootstrap, funcname: _find_spec
<frozen importlib._bootstrap>(1242)
<frozen importlib._bootstrap>(1243)
<frozen importlib._bootstrap>(1248)
<frozen importlib._bootstrap>(1254)
<frozen importlib._bootstrap>(1255)
<frozen importlib._bootstrap>(1256)
 --- modulename: _bootstrap, funcname: __enter__
<frozen importlib._bootstrap>(1224)
<frozen importlib._bootstrap>(1257)
<frozen importlib._bootstrap>(1258)
<frozen importlib._bootstrap>(1262)
 --- modulename: _bootstrap, funcname: find_spec
<frozen importlib._bootstrap>(984)
<frozen importlib._bootstrap>(987)
<frozen importlib._bootstrap>(1256)
 --- modulename: _bootstrap, funcname: __exit__
<frozen importlib._bootstrap>(1228)
<frozen importlib._bootstrap>(1263)
<frozen importlib._bootstrap>(1255)
<frozen importlib._bootstrap>(1256)
 --- modulename: _bootstrap, funcname: __enter__
<frozen importlib._bootstrap>(1224)
<frozen importlib._bootstrap>(1257)
<frozen importlib._bootstrap>(1258)
<frozen importlib._bootstrap>(1262)
 --- modulename: _bootstrap, funcname: find_spec
<frozen importlib._bootstrap>(1130)
 --- modulename: _bootstrap, funcname: _call_with_frames_removed
<frozen importlib._bootstrap>(488)
<frozen importlib._bootstrap>(1131)
<frozen importlib._bootstrap>(1132)
<frozen importlib._bootstrap>(1256)
 --- modulename: _bootstrap, funcname: __exit__
<frozen importlib._bootstrap>(1228)
<frozen importlib._bootstrap>(1263)
<frozen importlib._bootstrap>(1255)
<frozen importlib._bootstrap>(1256)
 --- modulename: _bootstrap, funcname: __enter__
<frozen importlib._bootstrap>(1224)
<frozen importlib._bootstrap>(1257)
<frozen importlib._bootstrap>(1258)
<frozen importlib._bootstrap>(1262)
 --- modulename: _bootstrap_external, funcname: find_spec
<frozen importlib._bootstrap_external>(1530)
<frozen importlib._bootstrap_external>(1532)
 --- modulename: _bootstrap_external, funcname: _get_spec
<frozen importlib._bootstrap_external>(1500)
<frozen importlib._bootstrap_external>(1501)
<frozen importlib._bootstrap_external>(1502)
<frozen importlib._bootstrap_external>(1504)
 --- modulename: _bootstrap_external, funcname: _path_importer_cache
<frozen importlib._bootstrap_external>(1481)
<frozen importlib._bootstrap_external>(1488)
<frozen importlib._bootstrap_external>(1489)
<frozen importlib._bootstrap_external>(1490)
<frozen importlib._bootstrap_external>(1491)
 --- modulename: _bootstrap_external, funcname: _path_hooks
<frozen importlib._bootstrap_external>(1463)
<frozen importlib._bootstrap_external>(1465)
<frozen importlib._bootstrap_external>(1466)
<frozen importlib._bootstrap_external>(1467)
 --- modulename: zipimport, funcname: __init__
<frozen zipimport>(65)
<frozen zipimport>(67)
<frozen zipimport>(69)
<frozen zipimport>(72)
<frozen zipimport>(73)
<frozen zipimport>(74)
<frozen zipimport>(75)
 --- modulename: _bootstrap_external, funcname: _path_stat
<frozen importlib._bootstrap_external>(147)
<frozen zipimport>(86)
<frozen zipimport>(88)
<frozen importlib._bootstrap_external>(1468)
<frozen importlib._bootstrap_external>(1469)
<frozen importlib._bootstrap_external>(1465)
<frozen importlib._bootstrap_external>(1466)
<frozen importlib._bootstrap_external>(1467)
 --- modulename: _bootstrap_external, funcname: path_hook_for_FileFinder
<frozen importlib._bootstrap_external>(1691)
 --- modulename: _bootstrap_external, funcname: _path_isdir
<frozen importlib._bootstrap_external>(166)
<frozen importlib._bootstrap_external>(168)
 --- modulename: _bootstrap_external, funcname: _path_is_mode_type
<frozen importlib._bootstrap_external>(152)
<frozen importlib._bootstrap_external>(153)
 --- modulename: _bootstrap_external, funcname: _path_stat
<frozen importlib._bootstrap_external>(147)
<frozen importlib._bootstrap_external>(156)
<frozen importlib._bootstrap_external>(1693)
 --- modulename: _bootstrap_external, funcname: __init__
<frozen importlib._bootstrap_external>(1575)
<frozen importlib._bootstrap_external>(1576)
<frozen importlib._bootstrap_external>(1577)
 --- modulename: _bootstrap_external, funcname: <genexpr>
<frozen importlib._bootstrap_external>(1577)
 --- modulename: _bootstrap_external, funcname: <genexpr>
<frozen importlib._bootstrap_external>(1577)
 --- modulename: _bootstrap_external, funcname: <genexpr>
<frozen importlib._bootstrap_external>(1577)
 --- modulename: _bootstrap_external, funcname: <genexpr>
<frozen importlib._bootstrap_external>(1577)
<frozen importlib._bootstrap_external>(1576)
<frozen importlib._bootstrap_external>(1577)
 --- modulename: _bootstrap_external, funcname: <genexpr>
<frozen importlib._bootstrap_external>(1577)
 --- modulename: _bootstrap_external, funcname: <genexpr>
<frozen importlib._bootstrap_external>(1577)
<frozen importlib._bootstrap_external>(1576)
<frozen importlib._bootstrap_external>(1577)
 --- modulename: _bootstrap_external, funcname: <genexpr>
<frozen importlib._bootstrap_external>(1577)
 --- modulename: _bootstrap_external, funcname: <genexpr>
<frozen importlib._bootstrap_external>(1577)
<frozen importlib._bootstrap_external>(1576)
<frozen importlib._bootstrap_external>(1578)
<frozen importlib._bootstrap_external>(1580)
<frozen importlib._bootstrap_external>(1583)
 --- modulename: _bootstrap_external, funcname: _path_abspath
<frozen importlib._bootstrap_external>(187)
 --- modulename: _bootstrap_external, funcname: _path_isabs
<frozen importlib._bootstrap_external>(182)
<frozen importlib._bootstrap_external>(192)
<frozen importlib._bootstrap_external>(1584)
<frozen importlib._bootstrap_external>(1585)
<frozen importlib._bootstrap_external>(1586)
<frozen importlib._bootstrap_external>(1492)
<frozen importlib._bootstrap_external>(1493)
<frozen importlib._bootstrap_external>(1505)
<frozen importlib._bootstrap_external>(1506)
 --- modulename: _bootstrap_external, funcname: find_spec
<frozen importlib._bootstrap_external>(1602)
<frozen importlib._bootstrap_external>(1603)
<frozen importlib._bootstrap_external>(1604)
<frozen importlib._bootstrap_external>(1605)
 --- modulename: _bootstrap_external, funcname: _path_stat
<frozen importlib._bootstrap_external>(147)
<frozen importlib._bootstrap_external>(1608)
<frozen importlib._bootstrap_external>(1609)
 --- modulename: _bootstrap_external, funcname: _fill_cache
<frozen importlib._bootstrap_external>(1650)
<frozen importlib._bootstrap_external>(1651)
<frozen importlib._bootstrap_external>(1652)
<frozen importlib._bootstrap_external>(1659)
<frozen importlib._bootstrap_external>(1660)
<frozen importlib._bootstrap_external>(1676)
<frozen importlib._bootstrap_external>(1610)
<frozen importlib._bootstrap_external>(1612)
 --- modulename: _bootstrap_external, funcname: _relax_case
<frozen importlib._bootstrap_external>(73)
<frozen importlib._bootstrap_external>(1616)
<frozen importlib._bootstrap_external>(1617)
<frozen importlib._bootstrap_external>(1619)
<frozen importlib._bootstrap_external>(1620)
 --- modulename: _bootstrap_external, funcname: _path_join
<frozen importlib._bootstrap_external>(128)
<frozen importlib._bootstrap_external>(129)
<frozen importlib._bootstrap_external>(128)
<frozen importlib._bootstrap_external>(129)
<frozen importlib._bootstrap_external>(128)
<frozen importlib._bootstrap_external>(129)
<frozen importlib._bootstrap_external>(128)
<frozen importlib._bootstrap_external>(129)
<frozen importlib._bootstrap_external>(128)
<frozen importlib._bootstrap_external>(1621)
<frozen importlib._bootstrap_external>(1622)
<frozen importlib._bootstrap_external>(1623)
 --- modulename: _bootstrap_external, funcname: _path_join
<frozen importlib._bootstrap_external>(128)
<frozen importlib._bootstrap_external>(129)
<frozen importlib._bootstrap_external>(128)
<frozen importlib._bootstrap_external>(129)
<frozen importlib._bootstrap_external>(128)
<frozen importlib._bootstrap_external>(129)
<frozen importlib._bootstrap_external>(128)
<frozen importlib._bootstrap_external>(129)
<frozen importlib._bootstrap_external>(128)
<frozen importlib._bootstrap_external>(1624)
 --- modulename: _bootstrap_external, funcname: _path_isfile
<frozen importlib._bootstrap_external>(161)
 --- modulename: _bootstrap_external, funcname: _path_is_mode_type
<frozen importlib._bootstrap_external>(152)
<frozen importlib._bootstrap_external>(153)
 --- modulename: _bootstrap_external, funcname: _path_stat
<frozen importlib._bootstrap_external>(147)
<frozen importlib._bootstrap_external>(154)
<frozen importlib._bootstrap_external>(155)
<frozen importlib._bootstrap_external>(1621)
<frozen importlib._bootstrap_external>(1622)
<frozen importlib._bootstrap_external>(1623)
 --- modulename: _bootstrap_external, funcname: _path_join
<frozen importlib._bootstrap_external>(128)
<frozen importlib._bootstrap_external>(129)
<frozen importlib._bootstrap_external>(128)
<frozen importlib._bootstrap_external>(129)
<frozen importlib._bootstrap_external>(128)
<frozen importlib._bootstrap_external>(129)
<frozen importlib._bootstrap_external>(128)
<frozen importlib._bootstrap_external>(129)
<frozen importlib._bootstrap_external>(128)
<frozen importlib._bootstrap_external>(1624)
 --- modulename: _bootstrap_external, funcname: _path_isfile
<frozen importlib._bootstrap_external>(161)
 --- modulename: _bootstrap_external, funcname: _path_is_mode_type
<frozen importlib._bootstrap_external>(152)
<frozen importlib._bootstrap_external>(153)
 --- modulename: _bootstrap_external, funcname: _path_stat
<frozen importlib._bootstrap_external>(147)
<frozen importlib._bootstrap_external>(154)
<frozen importlib._bootstrap_external>(155)
<frozen importlib._bootstrap_external>(1621)
<frozen importlib._bootstrap_external>(1622)
<frozen importlib._bootstrap_external>(1623)
 --- modulename: _bootstrap_external, funcname: _path_join
<frozen importlib._bootstrap_external>(128)
<frozen importlib._bootstrap_external>(129)
<frozen importlib._bootstrap_external>(128)
<frozen importlib._bootstrap_external>(129)
<frozen importlib._bootstrap_external>(128)
<frozen importlib._bootstrap_external>(129)
<frozen importlib._bootstrap_external>(128)
<frozen importlib._bootstrap_external>(129)
<frozen importlib._bootstrap_external>(128)
<frozen importlib._bootstrap_external>(1624)
 --- modulename: _bootstrap_external, funcname: _path_isfile
<frozen importlib._bootstrap_external>(161)
 --- modulename: _bootstrap_external, funcname: _path_is_mode_type
<frozen importlib._bootstrap_external>(152)
<frozen importlib._bootstrap_external>(153)
 --- modulename: _bootstrap_external, funcname: _path_stat
<frozen importlib._bootstrap_external>(147)
<frozen importlib._bootstrap_external>(154)
<frozen importlib._bootstrap_external>(155)
<frozen importlib._bootstrap_external>(1621)
<frozen importlib._bootstrap_external>(1622)
<frozen importlib._bootstrap_external>(1623)
 --- modulename: _bootstrap_external, funcname: _path_join
<frozen importlib._bootstrap_external>(128)
<frozen importlib._bootstrap_external>(129)
<frozen importlib._bootstrap_external>(128)
<frozen importlib._bootstrap_external>(129)
<frozen importlib._bootstrap_external>(128)
<frozen importlib._bootstrap_external>(129)
<frozen importlib._bootstrap_external>(128)
<frozen importlib._bootstrap_external>(129)
<frozen importlib._bootstrap_external>(128)
<frozen importlib._bootstrap_external>(1624)
 --- modulename: _bootstrap_external, funcname: _path_isfile
<frozen importlib._bootstrap_external>(161)
 --- modulename: _bootstrap_external, funcname: _path_is_mode_type
<frozen importlib._bootstrap_external>(152)
<frozen importlib._bootstrap_external>(153)
 --- modulename: _bootstrap_external, funcname: _path_stat
<frozen importlib._bootstrap_external>(147)
<frozen importlib._bootstrap_external>(156)
<frozen importlib._bootstrap_external>(1625)
 --- modulename: _bootstrap_external, funcname: _get_spec
<frozen importlib._bootstrap_external>(1593)
 --- modulename: _bootstrap_external, funcname: __init__
<frozen importlib._bootstrap_external>(1160)
<frozen importlib._bootstrap_external>(1161)
<frozen importlib._bootstrap_external>(1594)
<frozen importlib._bootstrap_external>(1595)
<frozen importlib._bootstrap_external>(1594)
 --- modulename: _bootstrap_external, funcname: spec_from_file_location
<frozen importlib._bootstrap_external>(818)
<frozen importlib._bootstrap_external>(830)
<frozen importlib._bootstrap_external>(831)
<frozen importlib._bootstrap_external>(832)
 --- modulename: _bootstrap_external, funcname: _path_abspath
<frozen importlib._bootstrap_external>(187)
 --- modulename: _bootstrap_external, funcname: _path_isabs
<frozen importlib._bootstrap_external>(182)
<frozen importlib._bootstrap_external>(192)
<frozen importlib._bootstrap_external>(842)
 --- modulename: _bootstrap, funcname: __init__
<frozen importlib._bootstrap>(601)
<frozen importlib._bootstrap>(602)
<frozen importlib._bootstrap>(603)
<frozen importlib._bootstrap>(604)
<frozen importlib._bootstrap>(605)
<frozen importlib._bootstrap>(606)
<frozen importlib._bootstrap>(609)
<frozen importlib._bootstrap>(610)
<frozen importlib._bootstrap_external>(843)
<frozen importlib._bootstrap_external>(846)
<frozen importlib._bootstrap_external>(856)
<frozen importlib._bootstrap_external>(867)
<frozen importlib._bootstrap_external>(868)
<frozen importlib._bootstrap_external>(873)
<frozen importlib._bootstrap_external>(1507)
<frozen importlib._bootstrap_external>(1509)
<frozen importlib._bootstrap_external>(1510)
<frozen importlib._bootstrap_external>(1533)
<frozen importlib._bootstrap_external>(1535)
<frozen importlib._bootstrap_external>(1546)
<frozen importlib._bootstrap>(1256)
 --- modulename: _bootstrap, funcname: __exit__
<frozen importlib._bootstrap>(1228)
<frozen importlib._bootstrap>(1263)
<frozen importlib._bootstrap>(1265)
<frozen importlib._bootstrap>(1280)
<frozen importlib._bootstrap>(1323)
<frozen importlib._bootstrap>(1326)
<frozen importlib._bootstrap>(1329)
<frozen importlib._bootstrap>(1330)
<frozen importlib._bootstrap>(1331)
 --- modulename: _bootstrap, funcname: _load_unlocked
<frozen importlib._bootstrap>(913)
<frozen importlib._bootstrap>(915)
<frozen importlib._bootstrap>(921)
 --- modulename: _bootstrap, funcname: module_from_spec
<frozen importlib._bootstrap>(809)
<frozen importlib._bootstrap>(810)
<frozen importlib._bootstrap>(813)
 --- modulename: _bootstrap_external, funcname: create_module
<frozen importlib._bootstrap_external>(990)
<frozen importlib._bootstrap>(817)
<frozen importlib._bootstrap>(818)
 --- modulename: _bootstrap, funcname: _new_module
<frozen importlib._bootstrap>(49)
<frozen importlib._bootstrap>(819)
 --- modulename: _bootstrap, funcname: _init_module_attrs
<frozen importlib._bootstrap>(737)
<frozen importlib._bootstrap>(743)
<frozen importlib._bootstrap>(744)
<frozen importlib._bootstrap>(745)
<frozen importlib._bootstrap>(766)
<frozen importlib._bootstrap>(767)
<frozen importlib._bootstrap>(771)
<frozen importlib._bootstrap>(772)
<frozen importlib._bootstrap>(773)
 --- modulename: _bootstrap, funcname: parent
<frozen importlib._bootstrap>(648)
<frozen importlib._bootstrap>(651)
<frozen importlib._bootstrap>(777)
<frozen importlib._bootstrap>(778)
<frozen importlib._bootstrap>(782)
<frozen importlib._bootstrap>(783)
<frozen importlib._bootstrap>(785)
<frozen importlib._bootstrap>(786)
<frozen importlib._bootstrap>(790)
 --- modulename: _bootstrap, funcname: has_location
<frozen importlib._bootstrap>(655)
<frozen importlib._bootstrap>(791)
<frozen importlib._bootstrap>(792)
<frozen importlib._bootstrap>(793)
<frozen importlib._bootstrap>(797)
<frozen importlib._bootstrap>(798)
 --- modulename: _bootstrap, funcname: cached
<frozen importlib._bootstrap>(634)
<frozen importlib._bootstrap>(635)
<frozen importlib._bootstrap>(636)
<frozen importlib._bootstrap>(638)
 --- modulename: _bootstrap_external, funcname: _get_cached
<frozen importlib._bootstrap_external>(616)
<frozen importlib._bootstrap_external>(617)
<frozen importlib._bootstrap_external>(618)
 --- modulename: _bootstrap_external, funcname: cache_from_source
<frozen importlib._bootstrap_external>(504)
<frozen importlib._bootstrap_external>(511)
<frozen importlib._bootstrap_external>(512)
 --- modulename: _bootstrap_external, funcname: _path_split
<frozen importlib._bootstrap_external>(134)
 --- modulename: _bootstrap_external, funcname: <genexpr>
<frozen importlib._bootstrap_external>(134)
 --- modulename: _bootstrap_external, funcname: <genexpr>
<frozen importlib._bootstrap_external>(134)
<frozen importlib._bootstrap_external>(135)
<frozen importlib._bootstrap_external>(137)
<frozen importlib._bootstrap_external>(513)
<frozen importlib._bootstrap_external>(514)
<frozen importlib._bootstrap_external>(515)
<frozen importlib._bootstrap_external>(517)
<frozen importlib._bootstrap_external>(518)
<frozen importlib._bootstrap_external>(519)
<frozen importlib._bootstrap_external>(520)
<frozen importlib._bootstrap_external>(523)
<frozen importlib._bootstrap_external>(524)
<frozen importlib._bootstrap_external>(528)
<frozen importlib._bootstrap_external>(529)
<frozen importlib._bootstrap_external>(553)
 --- modulename: _bootstrap_external, funcname: _path_join
<frozen importlib._bootstrap_external>(128)
<frozen importlib._bootstrap_external>(129)
<frozen importlib._bootstrap_external>(128)
<frozen importlib._bootstrap_external>(129)
<frozen importlib._bootstrap_external>(128)
<frozen importlib._bootstrap_external>(129)
<frozen importlib._bootstrap_external>(128)
<frozen importlib._bootstrap_external>(129)
<frozen importlib._bootstrap_external>(128)
<frozen importlib._bootstrap_external>(129)
<frozen importlib._bootstrap_external>(128)
<frozen importlib._bootstrap>(639)
<frozen importlib._bootstrap>(799)
<frozen importlib._bootstrap>(800)
 --- modulename: _bootstrap, funcname: cached
<frozen importlib._bootstrap>(634)
<frozen importlib._bootstrap>(639)
<frozen importlib._bootstrap>(803)
<frozen importlib._bootstrap>(820)
<frozen importlib._bootstrap>(926)
<frozen importlib._bootstrap>(927)
<frozen importlib._bootstrap>(928)
<frozen importlib._bootstrap>(929)
<frozen importlib._bootstrap>(930)
<frozen importlib._bootstrap>(935)
 --- modulename: _bootstrap_external, funcname: exec_module
<frozen importlib._bootstrap_external>(995)
 --- modulename: _bootstrap_external, funcname: get_code
<frozen importlib._bootstrap_external>(1073)
 --- modulename: _bootstrap_external, funcname: _check_name_wrapper
<frozen importlib._bootstrap_external>(648)
<frozen importlib._bootstrap_external>(650)
<frozen importlib._bootstrap_external>(653)
 --- modulename: _bootstrap_external, funcname: get_filename
<frozen importlib._bootstrap_external>(1185)
<frozen importlib._bootstrap_external>(1074)
<frozen importlib._bootstrap_external>(1075)
<frozen importlib._bootstrap_external>(1076)
<frozen importlib._bootstrap_external>(1077)
<frozen importlib._bootstrap_external>(1078)
<frozen importlib._bootstrap_external>(1079)
<frozen importlib._bootstrap_external>(1080)
 --- modulename: _bootstrap_external, funcname: cache_from_source
<frozen importlib._bootstrap_external>(504)
<frozen importlib._bootstrap_external>(511)
<frozen importlib._bootstrap_external>(512)
 --- modulename: _bootstrap_external, funcname: _path_split
<frozen importlib._bootstrap_external>(134)
 --- modulename: _bootstrap_external, funcname: <genexpr>
<frozen importlib._bootstrap_external>(134)
 --- modulename: _bootstrap_external, funcname: <genexpr>
<frozen importlib._bootstrap_external>(134)
<frozen importlib._bootstrap_external>(135)
<frozen importlib._bootstrap_external>(137)
<frozen importlib._bootstrap_external>(513)
<frozen importlib._bootstrap_external>(514)
<frozen importlib._bootstrap_external>(515)
<frozen importlib._bootstrap_external>(517)
<frozen importlib._bootstrap_external>(518)
<frozen importlib._bootstrap_external>(519)
<frozen importlib._bootstrap_external>(520)
<frozen importlib._bootstrap_external>(523)
<frozen importlib._bootstrap_external>(524)
<frozen importlib._bootstrap_external>(528)
<frozen importlib._bootstrap_external>(529)
<frozen importlib._bootstrap_external>(553)
 --- modulename: _bootstrap_external, funcname: _path_join
<frozen importlib._bootstrap_external>(128)
<frozen importlib._bootstrap_external>(129)
<frozen importlib._bootstrap_external>(128)
<frozen importlib._bootstrap_external>(129)
<frozen importlib._bootstrap_external>(128)
<frozen importlib._bootstrap_external>(129)
<frozen importlib._bootstrap_external>(128)
<frozen importlib._bootstrap_external>(129)
<frozen importlib._bootstrap_external>(128)
<frozen importlib._bootstrap_external>(129)
<frozen importlib._bootstrap_external>(128)
<frozen importlib._bootstrap_external>(1084)
<frozen importlib._bootstrap_external>(1085)
 --- modulename: _bootstrap_external, funcname: path_stats
<frozen importlib._bootstrap_external>(1208)
 --- modulename: _bootstrap_external, funcname: _path_stat
<frozen importlib._bootstrap_external>(147)
<frozen importlib._bootstrap_external>(1209)
<frozen importlib._bootstrap_external>(1089)
<frozen importlib._bootstrap_external>(1090)
<frozen importlib._bootstrap_external>(1091)
 --- modulename: _bootstrap_external, funcname: get_data
<frozen importlib._bootstrap_external>(1189)
<frozen importlib._bootstrap_external>(1190)
<frozen importlib._bootstrap_external>(1191)
<frozen importlib._bootstrap_external>(1190)
<frozen importlib._bootstrap_external>(1096)
<frozen importlib._bootstrap_external>(1097)
<frozen importlib._bootstrap_external>(1095)
<frozen importlib._bootstrap_external>(1099)
<frozen importlib._bootstrap_external>(1100)
 --- modulename: _bootstrap_external, funcname: _classify_pyc
<frozen importlib._bootstrap_external>(686)
<frozen importlib._bootstrap_external>(687)
<frozen importlib._bootstrap_external>(691)
<frozen importlib._bootstrap_external>(695)
 --- modulename: _bootstrap_external, funcname: _unpack_uint32
<frozen importlib._bootstrap_external>(86)
<frozen importlib._bootstrap_external>(87)
<frozen importlib._bootstrap_external>(697)
<frozen importlib._bootstrap_external>(700)
<frozen importlib._bootstrap_external>(1101)
<frozen importlib._bootstrap_external>(1102)
<frozen importlib._bootstrap_external>(1103)
<frozen importlib._bootstrap_external>(1116)
<frozen importlib._bootstrap_external>(1117)
<frozen importlib._bootstrap_external>(1118)
<frozen importlib._bootstrap_external>(1119)
<frozen importlib._bootstrap_external>(1120)
<frozen importlib._bootstrap_external>(1121)
<frozen importlib._bootstrap_external>(1116)
 --- modulename: _bootstrap_external, funcname: _validate_timestamp_pyc
<frozen importlib._bootstrap_external>(722)
 --- modulename: _bootstrap_external, funcname: _unpack_uint32
<frozen importlib._bootstrap_external>(86)
<frozen importlib._bootstrap_external>(87)
<frozen importlib._bootstrap_external>(726)
<frozen importlib._bootstrap_external>(727)
 --- modulename: _bootstrap_external, funcname: _unpack_uint32
<frozen importlib._bootstrap_external>(86)
<frozen importlib._bootstrap_external>(87)
<frozen importlib._bootstrap_external>(1126)
<frozen importlib._bootstrap_external>(1127)
<frozen importlib._bootstrap_external>(1126)
 --- modulename: _bootstrap, funcname: _verbose_message
<frozen importlib._bootstrap>(493)
<frozen importlib._bootstrap_external>(1128)
<frozen importlib._bootstrap_external>(1129)
<frozen importlib._bootstrap_external>(1130)
<frozen importlib._bootstrap_external>(1128)
 --- modulename: _bootstrap_external, funcname: _compile_bytecode
<frozen importlib._bootstrap_external>(757)
<frozen importlib._bootstrap_external>(758)
<frozen importlib._bootstrap_external>(759)
 --- modulename: _bootstrap, funcname: _verbose_message
<frozen importlib._bootstrap>(493)
<frozen importlib._bootstrap_external>(760)
<frozen importlib._bootstrap_external>(761)
<frozen importlib._bootstrap_external>(762)
<frozen importlib._bootstrap_external>(996)
<frozen importlib._bootstrap_external>(999)
 --- modulename: _bootstrap, funcname: _call_with_frames_removed
<frozen importlib._bootstrap>(488)
 --- modulename: __init__, funcname: <module>
__init__.py(0)
<frozen importlib._bootstrap>(946)
<frozen importlib._bootstrap>(947)
<frozen importlib._bootstrap>(948)
 --- modulename: _bootstrap, funcname: _verbose_message
<frozen importlib._bootstrap>(493)
<frozen importlib._bootstrap>(950)
<frozen importlib._bootstrap>(952)
<frozen importlib._bootstrap>(1333)
<frozen importlib._bootstrap>(1334)
<frozen importlib._bootstrap>(1335)
<frozen importlib._bootstrap>(1337)
<frozen importlib._bootstrap>(1338)
<frozen importlib._bootstrap>(1339)
<frozen importlib._bootstrap>(1343)
<frozen importlib._bootstrap>(1357)
 --- modulename: _bootstrap, funcname: __exit__
<frozen importlib._bootstrap>(421)
 --- modulename: _bootstrap, funcname: release
<frozen importlib._bootstrap>(373)
<frozen importlib._bootstrap>(374)
<frozen importlib._bootstrap>(375)
<frozen importlib._bootstrap>(377)
<frozen importlib._bootstrap>(378)
<frozen importlib._bootstrap>(379)
<frozen importlib._bootstrap>(380)
<frozen importlib._bootstrap>(381)
<frozen importlib._bootstrap>(374)
 --- modulename: _bootstrap, funcname: cb
<frozen importlib._bootstrap>(446)
<frozen importlib._bootstrap>(447)
<frozen importlib._bootstrap>(451)
<frozen importlib._bootstrap>(452)
<frozen importlib._bootstrap>(454)
 --- modulename: _bootstrap, funcname: _lock_unlock_module
<frozen importlib._bootstrap>(469)
 --- modulename: _bootstrap, funcname: _get_module_lock
<frozen importlib._bootstrap>(432)
<frozen importlib._bootstrap>(433)
<frozen importlib._bootstrap>(434)
<frozen importlib._bootstrap>(435)
<frozen importlib._bootstrap>(439)
<frozen importlib._bootstrap>(458)
<frozen importlib._bootstrap>(460)
<frozen importlib._bootstrap>(470)
<frozen importlib._bootstrap>(471)
 --- modulename: _bootstrap, funcname: acquire
<frozen importlib._bootstrap>(310)
<frozen importlib._bootstrap>(311)
 --- modulename: _bootstrap, funcname: __init__
<frozen importlib._bootstrap>(159)
<frozen importlib._bootstrap>(160)
 --- modulename: _bootstrap, funcname: __enter__
<frozen importlib._bootstrap>(170)
 --- modulename: _bootstrap, funcname: setdefault
<frozen importlib._bootstrap>(125)
<frozen importlib._bootstrap>(126)
<frozen importlib._bootstrap>(127)
<frozen importlib._bootstrap>(128)
<frozen importlib._bootstrap>(129)
<frozen importlib._bootstrap>(130)
<frozen importlib._bootstrap>(132)
 --- modulename: _bootstrap, funcname: __new__
<frozen importlib._bootstrap>(75)
<frozen importlib._bootstrap>(76)
<frozen importlib._bootstrap>(77)
 --- modulename: _bootstrap, funcname: __init__
<frozen importlib._bootstrap>(80)
<frozen importlib._bootstrap>(133)
<frozen importlib._bootstrap>(171)
<frozen importlib._bootstrap>(312)
<frozen importlib._bootstrap>(316)
<frozen importlib._bootstrap>(317)
<frozen importlib._bootstrap>(324)
<frozen importlib._bootstrap>(325)
<frozen importlib._bootstrap>(326)
<frozen importlib._bootstrap>(316)
<frozen importlib._bootstrap>(311)
 --- modulename: _bootstrap, funcname: __exit__
<frozen importlib._bootstrap>(175)
 --- modulename: _bootstrap, funcname: remove
<frozen importlib._bootstrap>(86)
<frozen importlib._bootstrap>(87)
<frozen importlib._bootstrap>(88)
<frozen importlib._bootstrap>(91)
<frozen importlib._bootstrap>(477)
 --- modulename: _bootstrap, funcname: release
<frozen importlib._bootstrap>(373)
<frozen importlib._bootstrap>(374)
<frozen importlib._bootstrap>(375)
<frozen importlib._bootstrap>(377)
<frozen importlib._bootstrap>(378)
<frozen importlib._bootstrap>(379)
<frozen importlib._bootstrap>(374)
<frozen importlib._bootstrap>(1312)
<frozen importlib._bootstrap>(1314)
<frozen importlib._bootstrap>(1315)
<frozen importlib._bootstrap>(1316)
<frozen importlib._bootstrap>(1320)
<frozen importlib._bootstrap>(1321)
<frozen importlib._bootstrap>(1322)
 --- modulename: _bootstrap, funcname: _find_spec
<frozen importlib._bootstrap>(1242)
<frozen importlib._bootstrap>(1243)
<frozen importlib._bootstrap>(1248)
<frozen importlib._bootstrap>(1254)
<frozen importlib._bootstrap>(1255)
<frozen importlib._bootstrap>(1256)
 --- modulename: _bootstrap, funcname: __enter__
<frozen importlib._bootstrap>(1224)
<frozen importlib._bootstrap>(1257)
<frozen importlib._bootstrap>(1258)
<frozen importlib._bootstrap>(1262)
 --- modulename: _bootstrap, funcname: find_spec
<frozen importlib._bootstrap>(984)
<frozen importlib._bootstrap>(987)
<frozen importlib._bootstrap>(1256)
 --- modulename: _bootstrap, funcname: __exit__
<frozen importlib._bootstrap>(1228)
<frozen importlib._bootstrap>(1263)
<frozen importlib._bootstrap>(1255)
<frozen importlib._bootstrap>(1256)
 --- modulename: _bootstrap, funcname: __enter__
<frozen importlib._bootstrap>(1224)
<frozen importlib._bootstrap>(1257)
<frozen importlib._bootstrap>(1258)
<frozen importlib._bootstrap>(1262)
 --- modulename: _bootstrap, funcname: find_spec
<frozen importlib._bootstrap>(1130)
 --- modulename: _bootstrap, funcname: _call_with_frames_removed
<frozen importlib._bootstrap>(488)
<frozen importlib._bootstrap>(1131)
<frozen importlib._bootstrap>(1132)
<frozen importlib._bootstrap>(1256)
 --- modulename: _bootstrap, funcname: __exit__
<frozen importlib._bootstrap>(1228)
<frozen importlib._bootstrap>(1263)
<frozen importlib._bootstrap>(1255)
<frozen importlib._bootstrap>(1256)
 --- modulename: _bootstrap, funcname: __enter__
<frozen importlib._bootstrap>(1224)
<frozen importlib._bootstrap>(1257)
<frozen importlib._bootstrap>(1258)
<frozen importlib._bootstrap>(1262)
 --- modulename: _bootstrap_external, funcname: find_spec
<frozen importlib._bootstrap_external>(1530)
<frozen importlib._bootstrap_external>(1532)
 --- modulename: _bootstrap_external, funcname: _get_spec
<frozen importlib._bootstrap_external>(1500)
<frozen importlib._bootstrap_external>(1501)
<frozen importlib._bootstrap_external>(1502)
<frozen importlib._bootstrap_external>(1504)
 --- modulename: _bootstrap_external, funcname: _path_importer_cache
<frozen importlib._bootstrap_external>(1481)
<frozen importlib._bootstrap_external>(1488)
<frozen importlib._bootstrap_external>(1489)
<frozen importlib._bootstrap_external>(1490)
<frozen importlib._bootstrap_external>(1491)
 --- modulename: _bootstrap_external, funcname: _path_hooks
<frozen importlib._bootstrap_external>(1463)
<frozen importlib._bootstrap_external>(1465)
<frozen importlib._bootstrap_external>(1466)
<frozen importlib._bootstrap_external>(1467)
 --- modulename: zipimport, funcname: __init__
<frozen zipimport>(65)
<frozen zipimport>(67)
<frozen zipimport>(69)
<frozen zipimport>(72)
<frozen zipimport>(73)
<frozen zipimport>(74)
<frozen zipimport>(75)
 --- modulename: _bootstrap_external, funcname: _path_stat
<frozen importlib._bootstrap_external>(147)
<frozen zipimport>(86)
<frozen zipimport>(88)
<frozen importlib._bootstrap_external>(1468)
<frozen importlib._bootstrap_external>(1469)
<frozen importlib._bootstrap_external>(1465)
<frozen importlib._bootstrap_external>(1466)
<frozen importlib._bootstrap_external>(1467)
 --- modulename: _bootstrap_external, funcname: path_hook_for_FileFinder
<frozen importlib._bootstrap_external>(1691)
 --- modulename: _bootstrap_external, funcname: _path_isdir
<frozen importlib._bootstrap_external>(166)
<frozen importlib._bootstrap_external>(168)
 --- modulename: _bootstrap_external, funcname: _path_is_mode_type
<frozen importlib._bootstrap_external>(152)
<frozen importlib._bootstrap_external>(153)
 --- modulename: _bootstrap_external, funcname: _path_stat
<frozen importlib._bootstrap_external>(147)
<frozen importlib._bootstrap_external>(156)
<frozen importlib._bootstrap_external>(1693)
 --- modulename: _bootstrap_external, funcname: __init__
<frozen importlib._bootstrap_external>(1575)
<frozen importlib._bootstrap_external>(1576)
<frozen importlib._bootstrap_external>(1577)
 --- modulename: _bootstrap_external, funcname: <genexpr>
<frozen importlib._bootstrap_external>(1577)
 --- modulename: _bootstrap_external, funcname: <genexpr>
<frozen importlib._bootstrap_external>(1577)
 --- modulename: _bootstrap_external, funcname: <genexpr>
<frozen importlib._bootstrap_external>(1577)
 --- modulename: _bootstrap_external, funcname: <genexpr>
<frozen importlib._bootstrap_external>(1577)
<frozen importlib._bootstrap_external>(1576)
<frozen importlib._bootstrap_external>(1577)
 --- modulename: _bootstrap_external, funcname: <genexpr>
<frozen importlib._bootstrap_external>(1577)
 --- modulename: _bootstrap_external, funcname: <genexpr>
<frozen importlib._bootstrap_external>(1577)
<frozen importlib._bootstrap_external>(1576)
<frozen importlib._bootstrap_external>(1577)
 --- modulename: _bootstrap_external, funcname: <genexpr>
<frozen importlib._bootstrap_external>(1577)
 --- modulename: _bootstrap_external, funcname: <genexpr>
<frozen importlib._bootstrap_external>(1577)
<frozen importlib._bootstrap_external>(1576)
<frozen importlib._bootstrap_external>(1578)
<frozen importlib._bootstrap_external>(1580)
<frozen importlib._bootstrap_external>(1583)
 --- modulename: _bootstrap_external, funcname: _path_abspath
<frozen importlib._bootstrap_external>(187)
 --- modulename: _bootstrap_external, funcname: _path_isabs
<frozen importlib._bootstrap_external>(182)
<frozen importlib._bootstrap_external>(192)
<frozen importlib._bootstrap_external>(1584)
<frozen importlib._bootstrap_external>(1585)
<frozen importlib._bootstrap_external>(1586)
<frozen importlib._bootstrap_external>(1492)
<frozen importlib._bootstrap_external>(1493)
<frozen importlib._bootstrap_external>(1505)
<frozen importlib._bootstrap_external>(1506)
 --- modulename: _bootstrap_external, funcname: find_spec
<frozen importlib._bootstrap_external>(1602)
<frozen importlib._bootstrap_external>(1603)
<frozen importlib._bootstrap_external>(1604)
<frozen importlib._bootstrap_external>(1605)
 --- modulename: _bootstrap_external, funcname: _path_stat
<frozen importlib._bootstrap_external>(147)
<frozen importlib._bootstrap_external>(1608)
<frozen importlib._bootstrap_external>(1609)
 --- modulename: _bootstrap_external, funcname: _fill_cache
<frozen importlib._bootstrap_external>(1650)
<frozen importlib._bootstrap_external>(1651)
<frozen importlib._bootstrap_external>(1652)
<frozen importlib._bootstrap_external>(1659)
<frozen importlib._bootstrap_external>(1660)
<frozen importlib._bootstrap_external>(1676)
<frozen importlib._bootstrap_external>(1610)
<frozen importlib._bootstrap_external>(1612)
 --- modulename: _bootstrap_external, funcname: _relax_case
<frozen importlib._bootstrap_external>(73)
<frozen importlib._bootstrap_external>(1616)
<frozen importlib._bootstrap_external>(1617)
<frozen importlib._bootstrap_external>(1619)
<frozen importlib._bootstrap_external>(1631)
<frozen importlib._bootstrap_external>(1632)
<frozen importlib._bootstrap_external>(1633)
 --- modulename: _bootstrap_external, funcname: _path_join
<frozen importlib._bootstrap_external>(128)
<frozen importlib._bootstrap_external>(129)
<frozen importlib._bootstrap_external>(128)
<frozen importlib._bootstrap_external>(129)
<frozen importlib._bootstrap_external>(128)
<frozen importlib._bootstrap_external>(129)
<frozen importlib._bootstrap_external>(128)
<frozen importlib._bootstrap_external>(129)
<frozen importlib._bootstrap_external>(128)
<frozen importlib._bootstrap_external>(1636)
 --- modulename: _bootstrap, funcname: _verbose_message
<frozen importlib._bootstrap>(493)
<frozen importlib._bootstrap_external>(1637)
<frozen importlib._bootstrap_external>(1631)
<frozen importlib._bootstrap_external>(1632)
<frozen importlib._bootstrap_external>(1633)
 --- modulename: _bootstrap_external, funcname: _path_join
<frozen importlib._bootstrap_external>(128)
<frozen importlib._bootstrap_external>(129)
<frozen importlib._bootstrap_external>(128)
<frozen importlib._bootstrap_external>(129)
<frozen importlib._bootstrap_external>(128)
<frozen importlib._bootstrap_external>(129)
<frozen importlib._bootstrap_external>(128)
<frozen importlib._bootstrap_external>(129)
<frozen importlib._bootstrap_external>(128)
<frozen importlib._bootstrap_external>(1636)
 --- modulename: _bootstrap, funcname: _verbose_message
<frozen importlib._bootstrap>(493)
<frozen importlib._bootstrap_external>(1637)
<frozen importlib._bootstrap_external>(1631)
<frozen importlib._bootstrap_external>(1632)
<frozen importlib._bootstrap_external>(1633)
 --- modulename: _bootstrap_external, funcname: _path_join
<frozen importlib._bootstrap_external>(128)
<frozen importlib._bootstrap_external>(129)
<frozen importlib._bootstrap_external>(128)
<frozen importlib._bootstrap_external>(129)
<frozen importlib._bootstrap_external>(128)
<frozen importlib._bootstrap_external>(129)
<frozen importlib._bootstrap_external>(128)
<frozen importlib._bootstrap_external>(129)
<frozen importlib._bootstrap_external>(128)
<frozen importlib._bootstrap_external>(1636)
 --- modulename: _bootstrap, funcname: _verbose_message
<frozen importlib._bootstrap>(493)
<frozen importlib._bootstrap_external>(1637)
<frozen importlib._bootstrap_external>(1631)
<frozen importlib._bootstrap_external>(1632)
<frozen importlib._bootstrap_external>(1633)
 --- modulename: _bootstrap_external, funcname: _path_join
<frozen importlib._bootstrap_external>(128)
<frozen importlib._bootstrap_external>(129)
<frozen importlib._bootstrap_external>(128)
<frozen importlib._bootstrap_external>(129)
<frozen importlib._bootstrap_external>(128)
<frozen importlib._bootstrap_external>(129)
<frozen importlib._bootstrap_external>(128)
<frozen importlib._bootstrap_external>(129)
<frozen importlib._bootstrap_external>(128)
<frozen importlib._bootstrap_external>(1636)
 --- modulename: _bootstrap, funcname: _verbose_message
<frozen importlib._bootstrap>(493)
<frozen importlib._bootstrap_external>(1637)
<frozen importlib._bootstrap_external>(1638)
 --- modulename: _bootstrap_external, funcname: _path_isfile
<frozen importlib._bootstrap_external>(161)
 --- modulename: _bootstrap_external, funcname: _path_is_mode_type
<frozen importlib._bootstrap_external>(152)
<frozen importlib._bootstrap_external>(153)
 --- modulename: _bootstrap_external, funcname: _path_stat
<frozen importlib._bootstrap_external>(147)
<frozen importlib._bootstrap_external>(156)
<frozen importlib._bootstrap_external>(1639)
<frozen importlib._bootstrap_external>(1640)
<frozen importlib._bootstrap_external>(1639)
 --- modulename: _bootstrap_external, funcname: _get_spec
<frozen importlib._bootstrap_external>(1593)
 --- modulename: _bootstrap_external, funcname: __init__
<frozen importlib._bootstrap_external>(1160)
<frozen importlib._bootstrap_external>(1161)
<frozen importlib._bootstrap_external>(1594)
<frozen importlib._bootstrap_external>(1595)
<frozen importlib._bootstrap_external>(1594)
 --- modulename: _bootstrap_external, funcname: spec_from_file_location
<frozen importlib._bootstrap_external>(818)
<frozen importlib._bootstrap_external>(830)
<frozen importlib._bootstrap_external>(831)
<frozen importlib._bootstrap_external>(832)
 --- modulename: _bootstrap_external, funcname: _path_abspath
<frozen importlib._bootstrap_external>(187)
 --- modulename: _bootstrap_external, funcname: _path_isabs
<frozen importlib._bootstrap_external>(182)
<frozen importlib._bootstrap_external>(192)
<frozen importlib._bootstrap_external>(842)
 --- modulename: _bootstrap, funcname: __init__
<frozen importlib._bootstrap>(601)
<frozen importlib._bootstrap>(602)
<frozen importlib._bootstrap>(603)
<frozen importlib._bootstrap>(604)
<frozen importlib._bootstrap>(605)
<frozen importlib._bootstrap>(606)
<frozen importlib._bootstrap>(609)
<frozen importlib._bootstrap>(610)
<frozen importlib._bootstrap_external>(843)
<frozen importlib._bootstrap_external>(846)
<frozen importlib._bootstrap_external>(856)
<frozen importlib._bootstrap_external>(867)
<frozen importlib._bootstrap_external>(868)
<frozen importlib._bootstrap_external>(873)
<frozen importlib._bootstrap_external>(1507)
<frozen importlib._bootstrap_external>(1509)
<frozen importlib._bootstrap_external>(1510)
<frozen importlib._bootstrap_external>(1533)
<frozen importlib._bootstrap_external>(1535)
<frozen importlib._bootstrap_external>(1546)
<frozen importlib._bootstrap>(1256)
 --- modulename: _bootstrap, funcname: __exit__
<frozen importlib._bootstrap>(1228)
<frozen importlib._bootstrap>(1263)
<frozen importlib._bootstrap>(1265)
<frozen importlib._bootstrap>(1280)
<frozen importlib._bootstrap>(1323)
<frozen importlib._bootstrap>(1326)
<frozen importlib._bootstrap>(1329)
<frozen importlib._bootstrap>(1330)
<frozen importlib._bootstrap>(1331)
 --- modulename: _bootstrap, funcname: _load_unlocked
<frozen importlib._bootstrap>(913)
<frozen importlib._bootstrap>(915)
<frozen importlib._bootstrap>(921)
 --- modulename: _bootstrap, funcname: module_from_spec
<frozen importlib._bootstrap>(809)
<frozen importlib._bootstrap>(810)
<frozen importlib._bootstrap>(813)
 --- modulename: _bootstrap_external, funcname: create_module
<frozen importlib._bootstrap_external>(990)
<frozen importlib._bootstrap>(817)
<frozen importlib._bootstrap>(818)
 --- modulename: _bootstrap, funcname: _new_module
<frozen importlib._bootstrap>(49)
<frozen importlib._bootstrap>(819)
 --- modulename: _bootstrap, funcname: _init_module_attrs
<frozen importlib._bootstrap>(737)
<frozen importlib._bootstrap>(743)
<frozen importlib._bootstrap>(744)
<frozen importlib._bootstrap>(745)
<frozen importlib._bootstrap>(766)
<frozen importlib._bootstrap>(767)
<frozen importlib._bootstrap>(771)
<frozen importlib._bootstrap>(772)
<frozen importlib._bootstrap>(773)
 --- modulename: _bootstrap, funcname: parent
<frozen importlib._bootstrap>(648)
<frozen importlib._bootstrap>(649)
<frozen importlib._bootstrap>(777)
<frozen importlib._bootstrap>(778)
<frozen importlib._bootstrap>(782)
<frozen importlib._bootstrap>(783)
<frozen importlib._bootstrap>(790)
 --- modulename: _bootstrap, funcname: has_location
<frozen importlib._bootstrap>(655)
<frozen importlib._bootstrap>(791)
<frozen importlib._bootstrap>(792)
<frozen importlib._bootstrap>(793)
<frozen importlib._bootstrap>(797)
<frozen importlib._bootstrap>(798)
 --- modulename: _bootstrap, funcname: cached
<frozen importlib._bootstrap>(634)
<frozen importlib._bootstrap>(635)
<frozen importlib._bootstrap>(636)
<frozen importlib._bootstrap>(638)
 --- modulename: _bootstrap_external, funcname: _get_cached
<frozen importlib._bootstrap_external>(616)
<frozen importlib._bootstrap_external>(617)
<frozen importlib._bootstrap_external>(618)
 --- modulename: _bootstrap_external, funcname: cache_from_source
<frozen importlib._bootstrap_external>(504)
<frozen importlib._bootstrap_external>(511)
<frozen importlib._bootstrap_external>(512)
 --- modulename: _bootstrap_external, funcname: _path_split
<frozen importlib._bootstrap_external>(134)
 --- modulename: _bootstrap_external, funcname: <genexpr>
<frozen importlib._bootstrap_external>(134)
 --- modulename: _bootstrap_external, funcname: <genexpr>
<frozen importlib._bootstrap_external>(134)
<frozen importlib._bootstrap_external>(135)
<frozen importlib._bootstrap_external>(137)
<frozen importlib._bootstrap_external>(513)
<frozen importlib._bootstrap_external>(514)
<frozen importlib._bootstrap_external>(515)
<frozen importlib._bootstrap_external>(517)
<frozen importlib._bootstrap_external>(518)
<frozen importlib._bootstrap_external>(519)
<frozen importlib._bootstrap_external>(520)
<frozen importlib._bootstrap_external>(523)
<frozen importlib._bootstrap_external>(524)
<frozen importlib._bootstrap_external>(528)
<frozen importlib._bootstrap_external>(529)
<frozen importlib._bootstrap_external>(553)
 --- modulename: _bootstrap_external, funcname: _path_join
<frozen importlib._bootstrap_external>(128)
<frozen importlib._bootstrap_external>(129)
<frozen importlib._bootstrap_external>(128)
<frozen importlib._bootstrap_external>(129)
<frozen importlib._bootstrap_external>(128)
<frozen importlib._bootstrap_external>(129)
<frozen importlib._bootstrap_external>(128)
<frozen importlib._bootstrap_external>(129)
<frozen importlib._bootstrap_external>(128)
<frozen importlib._bootstrap_external>(129)
<frozen importlib._bootstrap_external>(128)
<frozen importlib._bootstrap>(639)
<frozen importlib._bootstrap>(799)
<frozen importlib._bootstrap>(800)
 --- modulename: _bootstrap, funcname: cached
<frozen importlib._bootstrap>(634)
<frozen importlib._bootstrap>(639)
<frozen importlib._bootstrap>(803)
<frozen importlib._bootstrap>(820)
<frozen importlib._bootstrap>(926)
<frozen importlib._bootstrap>(927)
<frozen importlib._bootstrap>(928)
<frozen importlib._bootstrap>(929)
<frozen importlib._bootstrap>(930)
<frozen importlib._bootstrap>(935)
 --- modulename: _bootstrap_external, funcname: exec_module
<frozen importlib._bootstrap_external>(995)
 --- modulename: _bootstrap_external, funcname: get_code
<frozen importlib._bootstrap_external>(1073)
 --- modulename: _bootstrap_external, funcname: _check_name_wrapper
<frozen importlib._bootstrap_external>(648)
<frozen importlib._bootstrap_external>(650)
<frozen importlib._bootstrap_external>(653)
 --- modulename: _bootstrap_external, funcname: get_filename
<frozen importlib._bootstrap_external>(1185)
<frozen importlib._bootstrap_external>(1074)
<frozen importlib._bootstrap_external>(1075)
<frozen importlib._bootstrap_external>(1076)
<frozen importlib._bootstrap_external>(1077)
<frozen importlib._bootstrap_external>(1078)
<frozen importlib._bootstrap_external>(1079)
<frozen importlib._bootstrap_external>(1080)
 --- modulename: _bootstrap_external, funcname: cache_from_source
<frozen importlib._bootstrap_external>(504)
<frozen importlib._bootstrap_external>(511)
<frozen importlib._bootstrap_external>(512)
 --- modulename: _bootstrap_external, funcname: _path_split
<frozen importlib._bootstrap_external>(134)
 --- modulename: _bootstrap_external, funcname: <genexpr>
<frozen importlib._bootstrap_external>(134)
 --- modulename: _bootstrap_external, funcname: <genexpr>
<frozen importlib._bootstrap_external>(134)
<frozen importlib._bootstrap_external>(135)
<frozen importlib._bootstrap_external>(137)
<frozen importlib._bootstrap_external>(513)
<frozen importlib._bootstrap_external>(514)
<frozen importlib._bootstrap_external>(515)
<frozen importlib._bootstrap_external>(517)
<frozen importlib._bootstrap_external>(518)
<frozen importlib._bootstrap_external>(519)
<frozen importlib._bootstrap_external>(520)
<frozen importlib._bootstrap_external>(523)
<frozen importlib._bootstrap_external>(524)
<frozen importlib._bootstrap_external>(528)
<frozen importlib._bootstrap_external>(529)
<frozen importlib._bootstrap_external>(553)
 --- modulename: _bootstrap_external, funcname: _path_join
<frozen importlib._bootstrap_external>(128)
<frozen importlib._bootstrap_external>(129)
<frozen importlib._bootstrap_external>(128)
<frozen importlib._bootstrap_external>(129)
<frozen importlib._bootstrap_external>(128)
<frozen importlib._bootstrap_external>(129)
<frozen importlib._bootstrap_external>(128)
<frozen importlib._bootstrap_external>(129)
<frozen importlib._bootstrap_external>(128)
<frozen importlib._bootstrap_external>(129)
<frozen importlib._bootstrap_external>(128)
<frozen importlib._bootstrap_external>(1084)
<frozen importlib._bootstrap_external>(1085)
 --- modulename: _bootstrap_external, funcname: path_stats
<frozen importlib._bootstrap_external>(1208)
 --- modulename: _bootstrap_external, funcname: _path_stat
<frozen importlib._bootstrap_external>(147)
<frozen importlib._bootstrap_external>(1209)
<frozen importlib._bootstrap_external>(1089)
<frozen importlib._bootstrap_external>(1090)
<frozen importlib._bootstrap_external>(1091)
 --- modulename: _bootstrap_external, funcname: get_data
<frozen importlib._bootstrap_external>(1189)
<frozen importlib._bootstrap_external>(1190)
<frozen importlib._bootstrap_external>(1191)
<frozen importlib._bootstrap_external>(1190)
<frozen importlib._bootstrap_external>(1096)
<frozen importlib._bootstrap_external>(1097)
<frozen importlib._bootstrap_external>(1095)
<frozen importlib._bootstrap_external>(1099)
<frozen importlib._bootstrap_external>(1100)
 --- modulename: _bootstrap_external, funcname: _classify_pyc
<frozen importlib._bootstrap_external>(686)
<frozen importlib._bootstrap_external>(687)
<frozen importlib._bootstrap_external>(691)
<frozen importlib._bootstrap_external>(695)
 --- modulename: _bootstrap_external, funcname: _unpack_uint32
<frozen importlib._bootstrap_external>(86)
<frozen importlib._bootstrap_external>(87)
<frozen importlib._bootstrap_external>(697)
<frozen importlib._bootstrap_external>(700)
<frozen importlib._bootstrap_external>(1101)
<frozen importlib._bootstrap_external>(1102)
<frozen importlib._bootstrap_external>(1103)
<frozen importlib._bootstrap_external>(1116)
<frozen importlib._bootstrap_external>(1117)
<frozen importlib._bootstrap_external>(1118)
<frozen importlib._bootstrap_external>(1119)
<frozen importlib._bootstrap_external>(1120)
<frozen importlib._bootstrap_external>(1121)
<frozen importlib._bootstrap_external>(1116)
 --- modulename: _bootstrap_external, funcname: _validate_timestamp_pyc
<frozen importlib._bootstrap_external>(722)
 --- modulename: _bootstrap_external, funcname: _unpack_uint32
<frozen importlib._bootstrap_external>(86)
<frozen importlib._bootstrap_external>(87)
<frozen importlib._bootstrap_external>(726)
<frozen importlib._bootstrap_external>(727)
 --- modulename: _bootstrap_external, funcname: _unpack_uint32
<frozen importlib._bootstrap_external>(86)
<frozen importlib._bootstrap_external>(87)
<frozen importlib._bootstrap_external>(1126)
<frozen importlib._bootstrap_external>(1127)
<frozen importlib._bootstrap_external>(1126)
 --- modulename: _bootstrap, funcname: _verbose_message
<frozen importlib._bootstrap>(493)
<frozen importlib._bootstrap_external>(1128)
<frozen importlib._bootstrap_external>(1129)
<frozen importlib._bootstrap_external>(1130)
<frozen importlib._bootstrap_external>(1128)
 --- modulename: _bootstrap_external, funcname: _compile_bytecode
<frozen importlib._bootstrap_external>(757)
<frozen importlib._bootstrap_external>(758)
<frozen importlib._bootstrap_external>(759)
 --- modulename: _bootstrap, funcname: _verbose_message
<frozen importlib._bootstrap>(493)
<frozen importlib._bootstrap_external>(760)
<frozen importlib._bootstrap_external>(761)
<frozen importlib._bootstrap_external>(762)
<frozen importlib._bootstrap_external>(996)
<frozen importlib._bootstrap_external>(999)
 --- modulename: _bootstrap, funcname: _call_with_frames_removed
<frozen importlib._bootstrap>(488)
 --- modulename: version, funcname: <module>
version.py(1):  import datetime
 --- modulename: _bootstrap, funcname: _find_and_load
<frozen importlib._bootstrap>(1354)
<frozen importlib._bootstrap>(1355)
<frozen importlib._bootstrap>(1357)
 --- modulename: _bootstrap, funcname: __init__
<frozen importlib._bootstrap>(413)
<frozen importlib._bootstrap>(414)
 --- modulename: _bootstrap, funcname: __enter__
<frozen importlib._bootstrap>(417)
 --- modulename: _bootstrap, funcname: _get_module_lock
<frozen importlib._bootstrap>(432)
<frozen importlib._bootstrap>(433)
<frozen importlib._bootstrap>(434)
<frozen importlib._bootstrap>(435)
<frozen importlib._bootstrap>(436)
<frozen importlib._bootstrap>(437)
<frozen importlib._bootstrap>(439)
<frozen importlib._bootstrap>(440)
<frozen importlib._bootstrap>(443)
 --- modulename: _bootstrap, funcname: __init__
<frozen importlib._bootstrap>(253)
<frozen importlib._bootstrap>(254)
<frozen importlib._bootstrap>(257)
<frozen importlib._bootstrap>(261)
<frozen importlib._bootstrap>(272)
<frozen importlib._bootstrap>(286)
<frozen importlib._bootstrap>(445)
<frozen importlib._bootstrap>(456)
<frozen importlib._bootstrap>(458)
<frozen importlib._bootstrap>(460)
<frozen importlib._bootstrap>(418)
 --- modulename: _bootstrap, funcname: acquire
<frozen importlib._bootstrap>(310)
<frozen importlib._bootstrap>(311)
 --- modulename: _bootstrap, funcname: __init__
<frozen importlib._bootstrap>(159)
<frozen importlib._bootstrap>(160)
 --- modulename: _bootstrap, funcname: __enter__
<frozen importlib._bootstrap>(170)
 --- modulename: _bootstrap, funcname: setdefault
<frozen importlib._bootstrap>(125)
<frozen importlib._bootstrap>(126)
<frozen importlib._bootstrap>(127)
<frozen importlib._bootstrap>(128)
<frozen importlib._bootstrap>(129)
<frozen importlib._bootstrap>(130)
<frozen importlib._bootstrap>(132)
 --- modulename: _bootstrap, funcname: __new__
<frozen importlib._bootstrap>(75)
<frozen importlib._bootstrap>(76)
<frozen importlib._bootstrap>(77)
 --- modulename: _bootstrap, funcname: __init__
<frozen importlib._bootstrap>(80)
<frozen importlib._bootstrap>(133)
<frozen importlib._bootstrap>(171)
<frozen importlib._bootstrap>(312)
<frozen importlib._bootstrap>(316)
<frozen importlib._bootstrap>(317)
<frozen importlib._bootstrap>(324)
<frozen importlib._bootstrap>(325)
<frozen importlib._bootstrap>(326)
<frozen importlib._bootstrap>(316)
<frozen importlib._bootstrap>(311)
 --- modulename: _bootstrap, funcname: __exit__
<frozen importlib._bootstrap>(175)
 --- modulename: _bootstrap, funcname: remove
<frozen importlib._bootstrap>(86)
<frozen importlib._bootstrap>(87)
<frozen importlib._bootstrap>(88)
<frozen importlib._bootstrap>(91)
<frozen importlib._bootstrap>(1358)
<frozen importlib._bootstrap>(1359)
<frozen importlib._bootstrap>(1360)
 --- modulename: _bootstrap, funcname: _find_and_load_unlocked
<frozen importlib._bootstrap>(1305)
<frozen importlib._bootstrap>(1306)
<frozen importlib._bootstrap>(1307)
<frozen importlib._bootstrap>(1308)
<frozen importlib._bootstrap>(1322)
 --- modulename: _bootstrap, funcname: _find_spec
<frozen importlib._bootstrap>(1242)
<frozen importlib._bootstrap>(1243)
<frozen importlib._bootstrap>(1248)
<frozen importlib._bootstrap>(1254)
<frozen importlib._bootstrap>(1255)
<frozen importlib._bootstrap>(1256)
 --- modulename: _bootstrap, funcname: __enter__
<frozen importlib._bootstrap>(1224)
<frozen importlib._bootstrap>(1257)
<frozen importlib._bootstrap>(1258)
<frozen importlib._bootstrap>(1262)
 --- modulename: _bootstrap, funcname: find_spec
<frozen importlib._bootstrap>(984)
<frozen importlib._bootstrap>(987)
<frozen importlib._bootstrap>(1256)
 --- modulename: _bootstrap, funcname: __exit__
<frozen importlib._bootstrap>(1228)
<frozen importlib._bootstrap>(1263)
<frozen importlib._bootstrap>(1255)
<frozen importlib._bootstrap>(1256)
 --- modulename: _bootstrap, funcname: __enter__
<frozen importlib._bootstrap>(1224)
<frozen importlib._bootstrap>(1257)
<frozen importlib._bootstrap>(1258)
<frozen importlib._bootstrap>(1262)
 --- modulename: _bootstrap, funcname: find_spec
<frozen importlib._bootstrap>(1130)
 --- modulename: _bootstrap, funcname: _call_with_frames_removed
<frozen importlib._bootstrap>(488)
<frozen importlib._bootstrap>(1131)
<frozen importlib._bootstrap>(1132)
<frozen importlib._bootstrap>(1256)
 --- modulename: _bootstrap, funcname: __exit__
<frozen importlib._bootstrap>(1228)
<frozen importlib._bootstrap>(1263)
<frozen importlib._bootstrap>(1255)
<frozen importlib._bootstrap>(1256)
 --- modulename: _bootstrap, funcname: __enter__
<frozen importlib._bootstrap>(1224)
<frozen importlib._bootstrap>(1257)
<frozen importlib._bootstrap>(1258)
<frozen importlib._bootstrap>(1262)
 --- modulename: _bootstrap_external, funcname: find_spec
<frozen importlib._bootstrap_external>(1530)
<frozen importlib._bootstrap_external>(1531)
<frozen importlib._bootstrap_external>(1532)
 --- modulename: _bootstrap_external, funcname: _get_spec
<frozen importlib._bootstrap_external>(1500)
<frozen importlib._bootstrap_external>(1501)
<frozen importlib._bootstrap_external>(1502)
<frozen importlib._bootstrap_external>(1504)
 --- modulename: _bootstrap_external, funcname: _path_importer_cache
<frozen importlib._bootstrap_external>(1481)
<frozen importlib._bootstrap_external>(1482)
<frozen importlib._bootstrap_external>(1483)
<frozen importlib._bootstrap_external>(1488)
<frozen importlib._bootstrap_external>(1489)
<frozen importlib._bootstrap_external>(1493)
<frozen importlib._bootstrap_external>(1505)
<frozen importlib._bootstrap_external>(1506)
 --- modulename: _bootstrap_external, funcname: find_spec
<frozen importlib._bootstrap_external>(1602)
<frozen importlib._bootstrap_external>(1603)
<frozen importlib._bootstrap_external>(1604)
<frozen importlib._bootstrap_external>(1605)
 --- modulename: _bootstrap_external, funcname: _path_stat
<frozen importlib._bootstrap_external>(147)
<frozen importlib._bootstrap_external>(1608)
<frozen importlib._bootstrap_external>(1612)
 --- modulename: _bootstrap_external, funcname: _relax_case
<frozen importlib._bootstrap_external>(73)
<frozen importlib._bootstrap_external>(1616)
<frozen importlib._bootstrap_external>(1617)
<frozen importlib._bootstrap_external>(1619)
<frozen importlib._bootstrap_external>(1631)
<frozen importlib._bootstrap_external>(1632)
<frozen importlib._bootstrap_external>(1633)
 --- modulename: _bootstrap_external, funcname: _path_join
<frozen importlib._bootstrap_external>(128)
<frozen importlib._bootstrap_external>(129)
<frozen importlib._bootstrap_external>(128)
<frozen importlib._bootstrap_external>(129)
<frozen importlib._bootstrap_external>(128)
<frozen importlib._bootstrap_external>(129)
<frozen importlib._bootstrap_external>(128)
<frozen importlib._bootstrap_external>(129)
<frozen importlib._bootstrap_external>(128)
<frozen importlib._bootstrap_external>(1636)
 --- modulename: _bootstrap, funcname: _verbose_message
<frozen importlib._bootstrap>(493)
<frozen importlib._bootstrap_external>(1637)
<frozen importlib._bootstrap_external>(1631)
<frozen importlib._bootstrap_external>(1632)
<frozen importlib._bootstrap_external>(1633)
 --- modulename: _bootstrap_external, funcname: _path_join
<frozen importlib._bootstrap_external>(128)
<frozen importlib._bootstrap_external>(129)
<frozen importlib._bootstrap_external>(128)
<frozen importlib._bootstrap_external>(129)
<frozen importlib._bootstrap_external>(128)
<frozen importlib._bootstrap_external>(129)
<frozen importlib._bootstrap_external>(128)
<frozen importlib._bootstrap_external>(129)
<frozen importlib._bootstrap_external>(128)
<frozen importlib._bootstrap_external>(1636)
 --- modulename: _bootstrap, funcname: _verbose_message
<frozen importlib._bootstrap>(493)
<frozen importlib._bootstrap_external>(1637)
<frozen importlib._bootstrap_external>(1631)
<frozen importlib._bootstrap_external>(1632)
<frozen importlib._bootstrap_external>(1633)
 --- modulename: _bootstrap_external, funcname: _path_join
<frozen importlib._bootstrap_external>(128)
<frozen importlib._bootstrap_external>(129)
<frozen importlib._bootstrap_external>(128)
<frozen importlib._bootstrap_external>(129)
<frozen importlib._bootstrap_external>(128)
<frozen importlib._bootstrap_external>(129)
<frozen importlib._bootstrap_external>(128)
<frozen importlib._bootstrap_external>(129)
<frozen importlib._bootstrap_external>(128)
<frozen importlib._bootstrap_external>(1636)
 --- modulename: _bootstrap, funcname: _verbose_message
<frozen importlib._bootstrap>(493)
<frozen importlib._bootstrap_external>(1637)
<frozen importlib._bootstrap_external>(1631)
<frozen importlib._bootstrap_external>(1632)
<frozen importlib._bootstrap_external>(1633)
 --- modulename: _bootstrap_external, funcname: _path_join
<frozen importlib._bootstrap_external>(128)
<frozen importlib._bootstrap_external>(129)
<frozen importlib._bootstrap_external>(128)
<frozen importlib._bootstrap_external>(129)
<frozen importlib._bootstrap_external>(128)
<frozen importlib._bootstrap_external>(129)
<frozen importlib._bootstrap_external>(128)
<frozen importlib._bootstrap_external>(129)
<frozen importlib._bootstrap_external>(128)
<frozen importlib._bootstrap_external>(1636)
 --- modulename: _bootstrap, funcname: _verbose_message
<frozen importlib._bootstrap>(493)
<frozen importlib._bootstrap_external>(1637)
<frozen importlib._bootstrap_external>(1631)
<frozen importlib._bootstrap_external>(1632)
<frozen importlib._bootstrap_external>(1633)
 --- modulename: _bootstrap_external, funcname: _path_join
<frozen importlib._bootstrap_external>(128)
<frozen importlib._bootstrap_external>(129)
<frozen importlib._bootstrap_external>(128)
<frozen importlib._bootstrap_external>(129)
<frozen importlib._bootstrap_external>(128)
<frozen importlib._bootstrap_external>(129)
<frozen importlib._bootstrap_external>(128)
<frozen importlib._bootstrap_external>(129)
<frozen importlib._bootstrap_external>(128)
<frozen importlib._bootstrap_external>(1636)
 --- modulename: _bootstrap, funcname: _verbose_message
<frozen importlib._bootstrap>(493)
<frozen importlib._bootstrap_external>(1637)
<frozen importlib._bootstrap_external>(1631)
<frozen importlib._bootstrap_external>(1641)
<frozen importlib._bootstrap_external>(1646)
<frozen importlib._bootstrap_external>(1507)
<frozen importlib._bootstrap_external>(1508)
<frozen importlib._bootstrap_external>(1501)
<frozen importlib._bootstrap_external>(1502)
<frozen importlib._bootstrap_external>(1504)
 --- modulename: _bootstrap_external, funcname: _path_importer_cache
<frozen importlib._bootstrap_external>(1481)
<frozen importlib._bootstrap_external>(1488)
<frozen importlib._bootstrap_external>(1489)
<frozen importlib._bootstrap_external>(1493)
<frozen importlib._bootstrap_external>(1505)
<frozen importlib._bootstrap_external>(1501)
<frozen importlib._bootstrap_external>(1502)
<frozen importlib._bootstrap_external>(1504)
 --- modulename: _bootstrap_external, funcname: _path_importer_cache
<frozen importlib._bootstrap_external>(1481)
<frozen importlib._bootstrap_external>(1488)
<frozen importlib._bootstrap_external>(1489)
<frozen importlib._bootstrap_external>(1493)
<frozen importlib._bootstrap_external>(1505)
<frozen importlib._bootstrap_external>(1506)
 --- modulename: _bootstrap_external, funcname: find_spec
<frozen importlib._bootstrap_external>(1602)
<frozen importlib._bootstrap_external>(1603)
<frozen importlib._bootstrap_external>(1604)
<frozen importlib._bootstrap_external>(1605)
 --- modulename: _bootstrap_external, funcname: _path_stat
<frozen importlib._bootstrap_external>(147)
<frozen importlib._bootstrap_external>(1608)
<frozen importlib._bootstrap_external>(1612)
 --- modulename: _bootstrap_external, funcname: _relax_case
<frozen importlib._bootstrap_external>(73)
<frozen importlib._bootstrap_external>(1616)
<frozen importlib._bootstrap_external>(1617)
<frozen importlib._bootstrap_external>(1619)
<frozen importlib._bootstrap_external>(1631)
<frozen importlib._bootstrap_external>(1632)
<frozen importlib._bootstrap_external>(1633)
 --- modulename: _bootstrap_external, funcname: _path_join
<frozen importlib._bootstrap_external>(128)
<frozen importlib._bootstrap_external>(129)
<frozen importlib._bootstrap_external>(128)
<frozen importlib._bootstrap_external>(129)
<frozen importlib._bootstrap_external>(128)
<frozen importlib._bootstrap_external>(129)
<frozen importlib._bootstrap_external>(128)
<frozen importlib._bootstrap_external>(129)
<frozen importlib._bootstrap_external>(128)
<frozen importlib._bootstrap_external>(1636)
 --- modulename: _bootstrap, funcname: _verbose_message
<frozen importlib._bootstrap>(493)
<frozen importlib._bootstrap_external>(1637)
<frozen importlib._bootstrap_external>(1631)
<frozen importlib._bootstrap_external>(1632)
<frozen importlib._bootstrap_external>(1633)
 --- modulename: _bootstrap_external, funcname: _path_join
<frozen importlib._bootstrap_external>(128)
<frozen importlib._bootstrap_external>(129)
<frozen importlib._bootstrap_external>(128)
<frozen importlib._bootstrap_external>(129)
<frozen importlib._bootstrap_external>(128)
<frozen importlib._bootstrap_external>(129)
<frozen importlib._bootstrap_external>(128)
<frozen importlib._bootstrap_external>(129)
<frozen importlib._bootstrap_external>(128)
<frozen importlib._bootstrap_external>(1636)
 --- modulename: _bootstrap, funcname: _verbose_message
<frozen importlib._bootstrap>(493)
<frozen importlib._bootstrap_external>(1637)
<frozen importlib._bootstrap_external>(1631)
<frozen importlib._bootstrap_external>(1632)
<frozen importlib._bootstrap_external>(1633)
 --- modulename: _bootstrap_external, funcname: _path_join
<frozen importlib._bootstrap_external>(128)
<frozen importlib._bootstrap_external>(129)
<frozen importlib._bootstrap_external>(128)
<frozen importlib._bootstrap_external>(129)
<frozen importlib._bootstrap_external>(128)
<frozen importlib._bootstrap_external>(129)
<frozen importlib._bootstrap_external>(128)
<frozen importlib._bootstrap_external>(129)
<frozen importlib._bootstrap_external>(128)
<frozen importlib._bootstrap_external>(1636)
 --- modulename: _bootstrap, funcname: _verbose_message
<frozen importlib._bootstrap>(493)
<frozen importlib._bootstrap_external>(1637)
<frozen importlib._bootstrap_external>(1631)
<frozen importlib._bootstrap_external>(1632)
<frozen importlib._bootstrap_external>(1633)
 --- modulename: _bootstrap_external, funcname: _path_join
<frozen importlib._bootstrap_external>(128)
<frozen importlib._bootstrap_external>(129)
<frozen importlib._bootstrap_external>(128)
<frozen importlib._bootstrap_external>(129)
<frozen importlib._bootstrap_external>(128)
<frozen importlib._bootstrap_external>(129)
<frozen importlib._bootstrap_external>(128)
<frozen importlib._bootstrap_external>(129)
<frozen importlib._bootstrap_external>(128)
<frozen importlib._bootstrap_external>(1636)
 --- modulename: _bootstrap, funcname: _verbose_message
<frozen importlib._bootstrap>(493)
<frozen importlib._bootstrap_external>(1637)
<frozen importlib._bootstrap_external>(1638)
 --- modulename: _bootstrap_external, funcname: _path_isfile
<frozen importlib._bootstrap_external>(161)
 --- modulename: _bootstrap_external, funcname: _path_is_mode_type
<frozen importlib._bootstrap_external>(152)
<frozen importlib._bootstrap_external>(153)
 --- modulename: _bootstrap_external, funcname: _path_stat
<frozen importlib._bootstrap_external>(147)
<frozen importlib._bootstrap_external>(156)
<frozen importlib._bootstrap_external>(1639)
<frozen importlib._bootstrap_external>(1640)
<frozen importlib._bootstrap_external>(1639)
 --- modulename: _bootstrap_external, funcname: _get_spec
<frozen importlib._bootstrap_external>(1593)
 --- modulename: _bootstrap_external, funcname: __init__
<frozen importlib._bootstrap_external>(1160)
<frozen importlib._bootstrap_external>(1161)
<frozen importlib._bootstrap_external>(1594)
<frozen importlib._bootstrap_external>(1595)
<frozen importlib._bootstrap_external>(1594)
 --- modulename: _bootstrap_external, funcname: spec_from_file_location
<frozen importlib._bootstrap_external>(818)
<frozen importlib._bootstrap_external>(830)
<frozen importlib._bootstrap_external>(831)
<frozen importlib._bootstrap_external>(832)
 --- modulename: _bootstrap_external, funcname: _path_abspath
<frozen importlib._bootstrap_external>(187)
 --- modulename: _bootstrap_external, funcname: _path_isabs
<frozen importlib._bootstrap_external>(182)
<frozen importlib._bootstrap_external>(192)
<frozen importlib._bootstrap_external>(842)
 --- modulename: _bootstrap, funcname: __init__
<frozen importlib._bootstrap>(601)
<frozen importlib._bootstrap>(602)
<frozen importlib._bootstrap>(603)
<frozen importlib._bootstrap>(604)
<frozen importlib._bootstrap>(605)
<frozen importlib._bootstrap>(606)
<frozen importlib._bootstrap>(609)
<frozen importlib._bootstrap>(610)
<frozen importlib._bootstrap_external>(843)
<frozen importlib._bootstrap_external>(846)
<frozen importlib._bootstrap_external>(856)
<frozen importlib._bootstrap_external>(867)
<frozen importlib._bootstrap_external>(868)
<frozen importlib._bootstrap_external>(873)
<frozen importlib._bootstrap_external>(1507)
<frozen importlib._bootstrap_external>(1509)
<frozen importlib._bootstrap_external>(1510)
<frozen importlib._bootstrap_external>(1533)
<frozen importlib._bootstrap_external>(1535)
<frozen importlib._bootstrap_external>(1546)
<frozen importlib._bootstrap>(1256)
 --- modulename: _bootstrap, funcname: __exit__
<frozen importlib._bootstrap>(1228)
<frozen importlib._bootstrap>(1263)
<frozen importlib._bootstrap>(1265)
<frozen importlib._bootstrap>(1280)
<frozen importlib._bootstrap>(1323)
<frozen importlib._bootstrap>(1326)
<frozen importlib._bootstrap>(1330)
<frozen importlib._bootstrap>(1331)
 --- modulename: _bootstrap, funcname: _load_unlocked
<frozen importlib._bootstrap>(913)
<frozen importlib._bootstrap>(915)
<frozen importlib._bootstrap>(921)
 --- modulename: _bootstrap, funcname: module_from_spec
<frozen importlib._bootstrap>(809)
<frozen importlib._bootstrap>(810)
<frozen importlib._bootstrap>(813)
 --- modulename: _bootstrap_external, funcname: create_module
<frozen importlib._bootstrap_external>(990)
<frozen importlib._bootstrap>(817)
<frozen importlib._bootstrap>(818)
 --- modulename: _bootstrap, funcname: _new_module
<frozen importlib._bootstrap>(49)
<frozen importlib._bootstrap>(819)
 --- modulename: _bootstrap, funcname: _init_module_attrs
<frozen importlib._bootstrap>(737)
<frozen importlib._bootstrap>(743)
<frozen importlib._bootstrap>(744)
<frozen importlib._bootstrap>(745)
<frozen importlib._bootstrap>(766)
<frozen importlib._bootstrap>(767)
<frozen importlib._bootstrap>(771)
<frozen importlib._bootstrap>(772)
<frozen importlib._bootstrap>(773)
 --- modulename: _bootstrap, funcname: parent
<frozen importlib._bootstrap>(648)
<frozen importlib._bootstrap>(649)
<frozen importlib._bootstrap>(777)
<frozen importlib._bootstrap>(778)
<frozen importlib._bootstrap>(782)
<frozen importlib._bootstrap>(783)
<frozen importlib._bootstrap>(790)
 --- modulename: _bootstrap, funcname: has_location
<frozen importlib._bootstrap>(655)
<frozen importlib._bootstrap>(791)
<frozen importlib._bootstrap>(792)
<frozen importlib._bootstrap>(793)
<frozen importlib._bootstrap>(797)
<frozen importlib._bootstrap>(798)
 --- modulename: _bootstrap, funcname: cached
<frozen importlib._bootstrap>(634)
<frozen importlib._bootstrap>(635)
<frozen importlib._bootstrap>(636)
<frozen importlib._bootstrap>(638)
 --- modulename: _bootstrap_external, funcname: _get_cached
<frozen importlib._bootstrap_external>(616)
<frozen importlib._bootstrap_external>(617)
<frozen importlib._bootstrap_external>(618)
 --- modulename: _bootstrap_external, funcname: cache_from_source
<frozen importlib._bootstrap_external>(504)
<frozen importlib._bootstrap_external>(511)
<frozen importlib._bootstrap_external>(512)
 --- modulename: _bootstrap_external, funcname: _path_split
<frozen importlib._bootstrap_external>(134)
 --- modulename: _bootstrap_external, funcname: <genexpr>
<frozen importlib._bootstrap_external>(134)
 --- modulename: _bootstrap_external, funcname: <genexpr>
<frozen importlib._bootstrap_external>(134)
<frozen importlib._bootstrap_external>(135)
<frozen importlib._bootstrap_external>(137)
<frozen importlib._bootstrap_external>(513)
<frozen importlib._bootstrap_external>(514)
<frozen importlib._bootstrap_external>(515)
<frozen importlib._bootstrap_external>(517)
<frozen importlib._bootstrap_external>(518)
<frozen importlib._bootstrap_external>(519)
<frozen importlib._bootstrap_external>(520)
<frozen importlib._bootstrap_external>(523)
<frozen importlib._bootstrap_external>(524)
<frozen importlib._bootstrap_external>(528)
<frozen importlib._bootstrap_external>(529)
<frozen importlib._bootstrap_external>(553)
 --- modulename: _bootstrap_external, funcname: _path_join
<frozen importlib._bootstrap_external>(128)
<frozen importlib._bootstrap_external>(129)
<frozen importlib._bootstrap_external>(128)
<frozen importlib._bootstrap_external>(129)
<frozen importlib._bootstrap_external>(128)
<frozen importlib._bootstrap_external>(129)
<frozen importlib._bootstrap_external>(128)
<frozen importlib._bootstrap_external>(129)
<frozen importlib._bootstrap_external>(128)
<frozen importlib._bootstrap_external>(129)
<frozen importlib._bootstrap_external>(128)
<frozen importlib._bootstrap>(639)
<frozen importlib._bootstrap>(799)
<frozen importlib._bootstrap>(800)
 --- modulename: _bootstrap, funcname: cached
<frozen importlib._bootstrap>(634)
<frozen importlib._bootstrap>(639)
<frozen importlib._bootstrap>(803)
<frozen importlib._bootstrap>(820)
<frozen importlib._bootstrap>(926)
<frozen importlib._bootstrap>(927)
<frozen importlib._bootstrap>(928)
<frozen importlib._bootstrap>(929)
<frozen importlib._bootstrap>(930)
<frozen importlib._bootstrap>(935)
 --- modulename: _bootstrap_external, funcname: exec_module
<frozen importlib._bootstrap_external>(995)
 --- modulename: _bootstrap_external, funcname: get_code
<frozen importlib._bootstrap_external>(1073)
 --- modulename: _bootstrap_external, funcname: _check_name_wrapper
<frozen importlib._bootstrap_external>(648)
<frozen importlib._bootstrap_external>(650)
<frozen importlib._bootstrap_external>(653)
 --- modulename: _bootstrap_external, funcname: get_filename
<frozen importlib._bootstrap_external>(1185)
<frozen importlib._bootstrap_external>(1074)
<frozen importlib._bootstrap_external>(1075)
<frozen importlib._bootstrap_external>(1076)
<frozen importlib._bootstrap_external>(1077)
<frozen importlib._bootstrap_external>(1078)
<frozen importlib._bootstrap_external>(1079)
<frozen importlib._bootstrap_external>(1080)
 --- modulename: _bootstrap_external, funcname: cache_from_source
<frozen importlib._bootstrap_external>(504)
<frozen importlib._bootstrap_external>(511)
<frozen importlib._bootstrap_external>(512)
 --- modulename: _bootstrap_external, funcname: _path_split
<frozen importlib._bootstrap_external>(134)
 --- modulename: _bootstrap_external, funcname: <genexpr>
<frozen importlib._bootstrap_external>(134)
 --- modulename: _bootstrap_external, funcname: <genexpr>
<frozen importlib._bootstrap_external>(134)
<frozen importlib._bootstrap_external>(135)
<frozen importlib._bootstrap_external>(137)
<frozen importlib._bootstrap_external>(513)
<frozen importlib._bootstrap_external>(514)
<frozen importlib._bootstrap_external>(515)
<frozen importlib._bootstrap_external>(517)
<frozen importlib._bootstrap_external>(518)
<frozen importlib._bootstrap_external>(519)
<frozen importlib._bootstrap_external>(520)
<frozen importlib._bootstrap_external>(523)
<frozen importlib._bootstrap_external>(524)
<frozen importlib._bootstrap_external>(528)
<frozen importlib._bootstrap_external>(529)
<frozen importlib._bootstrap_external>(553)
 --- modulename: _bootstrap_external, funcname: _path_join
<frozen importlib._bootstrap_external>(128)
<frozen importlib._bootstrap_external>(129)
<frozen importlib._bootstrap_external>(128)
<frozen importlib._bootstrap_external>(129)
<frozen importlib._bootstrap_external>(128)
<frozen importlib._bootstrap_external>(129)
<frozen importlib._bootstrap_external>(128)
<frozen importlib._bootstrap_external>(129)
<frozen importlib._bootstrap_external>(128)
<frozen importlib._bootstrap_external>(129)
<frozen importlib._bootstrap_external>(128)
<frozen importlib._bootstrap_external>(1084)
<frozen importlib._bootstrap_external>(1085)
 --- modulename: _bootstrap_external, funcname: path_stats
<frozen importlib._bootstrap_external>(1208)
 --- modulename: _bootstrap_external, funcname: _path_stat
<frozen importlib._bootstrap_external>(147)
<frozen importlib._bootstrap_external>(1209)
<frozen importlib._bootstrap_external>(1089)
<frozen importlib._bootstrap_external>(1090)
<frozen importlib._bootstrap_external>(1091)
 --- modulename: _bootstrap_external, funcname: get_data
<frozen importlib._bootstrap_external>(1189)
<frozen importlib._bootstrap_external>(1190)
<frozen importlib._bootstrap_external>(1092)
<frozen importlib._bootstrap_external>(1093)
<frozen importlib._bootstrap_external>(1131)
<frozen importlib._bootstrap_external>(1132)
 --- modulename: _bootstrap_external, funcname: get_data
<frozen importlib._bootstrap_external>(1189)
<frozen importlib._bootstrap_external>(1190)
<frozen importlib._bootstrap_external>(1191)
<frozen importlib._bootstrap_external>(1190)
<frozen importlib._bootstrap_external>(1133)
 --- modulename: _bootstrap_external, funcname: source_to_code
<frozen importlib._bootstrap_external>(1063)
<frozen importlib._bootstrap_external>(1064)
<frozen importlib._bootstrap_external>(1063)
 --- modulename: _bootstrap, funcname: _call_with_frames_removed
<frozen importlib._bootstrap>(488)
<frozen importlib._bootstrap_external>(1134)
 --- modulename: _bootstrap, funcname: _verbose_message
<frozen importlib._bootstrap>(493)
<frozen importlib._bootstrap_external>(1135)
<frozen importlib._bootstrap_external>(1149)
<frozen importlib._bootstrap_external>(996)
<frozen importlib._bootstrap_external>(999)
 --- modulename: _bootstrap, funcname: _call_with_frames_removed
<frozen importlib._bootstrap>(488)
 --- modulename: datetime, funcname: <module>
datetime.py(1):  try:
datetime.py(2):      from _datetime import *
 --- modulename: _bootstrap, funcname: _find_and_load
<frozen importlib._bootstrap>(1354)
<frozen importlib._bootstrap>(1355)
<frozen importlib._bootstrap>(1357)
 --- modulename: _bootstrap, funcname: __init__
<frozen importlib._bootstrap>(413)
<frozen importlib._bootstrap>(414)
 --- modulename: _bootstrap, funcname: __enter__
<frozen importlib._bootstrap>(417)
 --- modulename: _bootstrap, funcname: _get_module_lock
<frozen importlib._bootstrap>(432)
<frozen importlib._bootstrap>(433)
<frozen importlib._bootstrap>(434)
<frozen importlib._bootstrap>(435)
<frozen importlib._bootstrap>(436)
<frozen importlib._bootstrap>(437)
<frozen importlib._bootstrap>(439)
<frozen importlib._bootstrap>(440)
<frozen importlib._bootstrap>(443)
 --- modulename: _bootstrap, funcname: __init__
<frozen importlib._bootstrap>(253)
<frozen importlib._bootstrap>(254)
<frozen importlib._bootstrap>(257)
<frozen importlib._bootstrap>(261)
<frozen importlib._bootstrap>(272)
<frozen importlib._bootstrap>(286)
<frozen importlib._bootstrap>(445)
<frozen importlib._bootstrap>(456)
<frozen importlib._bootstrap>(458)
<frozen importlib._bootstrap>(460)
<frozen importlib._bootstrap>(418)
 --- modulename: _bootstrap, funcname: acquire
<frozen importlib._bootstrap>(310)
<frozen importlib._bootstrap>(311)
 --- modulename: _bootstrap, funcname: __init__
<frozen importlib._bootstrap>(159)
<frozen importlib._bootstrap>(160)
 --- modulename: _bootstrap, funcname: __enter__
<frozen importlib._bootstrap>(170)
 --- modulename: _bootstrap, funcname: setdefault
<frozen importlib._bootstrap>(125)
<frozen importlib._bootstrap>(126)
<frozen importlib._bootstrap>(127)
<frozen importlib._bootstrap>(128)
<frozen importlib._bootstrap>(129)
<frozen importlib._bootstrap>(130)
<frozen importlib._bootstrap>(132)
 --- modulename: _bootstrap, funcname: __new__
<frozen importlib._bootstrap>(75)
<frozen importlib._bootstrap>(76)
<frozen importlib._bootstrap>(77)
 --- modulename: _bootstrap, funcname: __init__
<frozen importlib._bootstrap>(80)
<frozen importlib._bootstrap>(133)
<frozen importlib._bootstrap>(171)
<frozen importlib._bootstrap>(312)
<frozen importlib._bootstrap>(316)
<frozen importlib._bootstrap>(317)
<frozen importlib._bootstrap>(324)
<frozen importlib._bootstrap>(325)
<frozen importlib._bootstrap>(326)
<frozen importlib._bootstrap>(316)
<frozen importlib._bootstrap>(311)
 --- modulename: _bootstrap, funcname: __exit__
<frozen importlib._bootstrap>(175)
 --- modulename: _bootstrap, funcname: remove
<frozen importlib._bootstrap>(86)
<frozen importlib._bootstrap>(87)
<frozen importlib._bootstrap>(88)
<frozen importlib._bootstrap>(91)
<frozen importlib._bootstrap>(1358)
<frozen importlib._bootstrap>(1359)
<frozen importlib._bootstrap>(1360)
 --- modulename: _bootstrap, funcname: _find_and_load_unlocked
<frozen importlib._bootstrap>(1305)
<frozen importlib._bootstrap>(1306)
<frozen importlib._bootstrap>(1307)
<frozen importlib._bootstrap>(1308)
<frozen importlib._bootstrap>(1322)
 --- modulename: _bootstrap, funcname: _find_spec
<frozen importlib._bootstrap>(1242)
<frozen importlib._bootstrap>(1243)
<frozen importlib._bootstrap>(1248)
<frozen importlib._bootstrap>(1254)
<frozen importlib._bootstrap>(1255)
<frozen importlib._bootstrap>(1256)
 --- modulename: _bootstrap, funcname: __enter__
<frozen importlib._bootstrap>(1224)
<frozen importlib._bootstrap>(1257)
<frozen importlib._bootstrap>(1258)
<frozen importlib._bootstrap>(1262)
 --- modulename: _bootstrap, funcname: find_spec
<frozen importlib._bootstrap>(984)
<frozen importlib._bootstrap>(987)
<frozen importlib._bootstrap>(1256)
 --- modulename: _bootstrap, funcname: __exit__
<frozen importlib._bootstrap>(1228)
<frozen importlib._bootstrap>(1263)
<frozen importlib._bootstrap>(1255)
<frozen importlib._bootstrap>(1256)
 --- modulename: _bootstrap, funcname: __enter__
<frozen importlib._bootstrap>(1224)
<frozen importlib._bootstrap>(1257)
<frozen importlib._bootstrap>(1258)
<frozen importlib._bootstrap>(1262)
 --- modulename: _bootstrap, funcname: find_spec
<frozen importlib._bootstrap>(1130)
 --- modulename: _bootstrap, funcname: _call_with_frames_removed
<frozen importlib._bootstrap>(488)
<frozen importlib._bootstrap>(1131)
<frozen importlib._bootstrap>(1132)
<frozen importlib._bootstrap>(1256)
 --- modulename: _bootstrap, funcname: __exit__
<frozen importlib._bootstrap>(1228)
<frozen importlib._bootstrap>(1263)
<frozen importlib._bootstrap>(1255)
<frozen importlib._bootstrap>(1256)
 --- modulename: _bootstrap, funcname: __enter__
<frozen importlib._bootstrap>(1224)
<frozen importlib._bootstrap>(1257)
<frozen importlib._bootstrap>(1258)
<frozen importlib._bootstrap>(1262)
 --- modulename: _bootstrap_external, funcname: find_spec
<frozen importlib._bootstrap_external>(1530)
<frozen importlib._bootstrap_external>(1531)
<frozen importlib._bootstrap_external>(1532)
 --- modulename: _bootstrap_external, funcname: _get_spec
<frozen importlib._bootstrap_external>(1500)
<frozen importlib._bootstrap_external>(1501)
<frozen importlib._bootstrap_external>(1502)
<frozen importlib._bootstrap_external>(1504)
 --- modulename: _bootstrap_external, funcname: _path_importer_cache
<frozen importlib._bootstrap_external>(1481)
<frozen importlib._bootstrap_external>(1482)
<frozen importlib._bootstrap_external>(1483)
<frozen importlib._bootstrap_external>(1488)
<frozen importlib._bootstrap_external>(1489)
<frozen importlib._bootstrap_external>(1493)
<frozen importlib._bootstrap_external>(1505)
<frozen importlib._bootstrap_external>(1506)
 --- modulename: _bootstrap_external, funcname: find_spec
<frozen importlib._bootstrap_external>(1602)
<frozen importlib._bootstrap_external>(1603)
<frozen importlib._bootstrap_external>(1604)
<frozen importlib._bootstrap_external>(1605)
 --- modulename: _bootstrap_external, funcname: _path_stat
<frozen importlib._bootstrap_external>(147)
<frozen importlib._bootstrap_external>(1608)
<frozen importlib._bootstrap_external>(1612)
 --- modulename: _bootstrap_external, funcname: _relax_case
<frozen importlib._bootstrap_external>(73)
<frozen importlib._bootstrap_external>(1616)
<frozen importlib._bootstrap_external>(1617)
<frozen importlib._bootstrap_external>(1619)
<frozen importlib._bootstrap_external>(1631)
<frozen importlib._bootstrap_external>(1632)
<frozen importlib._bootstrap_external>(1633)
 --- modulename: _bootstrap_external, funcname: _path_join
<frozen importlib._bootstrap_external>(128)
<frozen importlib._bootstrap_external>(129)
<frozen importlib._bootstrap_external>(128)
<frozen importlib._bootstrap_external>(129)
<frozen importlib._bootstrap_external>(128)
<frozen importlib._bootstrap_external>(129)
<frozen importlib._bootstrap_external>(128)
<frozen importlib._bootstrap_external>(129)
<frozen importlib._bootstrap_external>(128)
<frozen importlib._bootstrap_external>(1636)
 --- modulename: _bootstrap, funcname: _verbose_message
<frozen importlib._bootstrap>(493)
<frozen importlib._bootstrap_external>(1637)
<frozen importlib._bootstrap_external>(1631)
<frozen importlib._bootstrap_external>(1632)
<frozen importlib._bootstrap_external>(1633)
 --- modulename: _bootstrap_external, funcname: _path_join
<frozen importlib._bootstrap_external>(128)
<frozen importlib._bootstrap_external>(129)
<frozen importlib._bootstrap_external>(128)
<frozen importlib._bootstrap_external>(129)
<frozen importlib._bootstrap_external>(128)
<frozen importlib._bootstrap_external>(129)
<frozen importlib._bootstrap_external>(128)
<frozen importlib._bootstrap_external>(129)
<frozen importlib._bootstrap_external>(128)
<frozen importlib._bootstrap_external>(1636)
 --- modulename: _bootstrap, funcname: _verbose_message
<frozen importlib._bootstrap>(493)
<frozen importlib._bootstrap_external>(1637)
<frozen importlib._bootstrap_external>(1631)
<frozen importlib._bootstrap_external>(1632)
<frozen importlib._bootstrap_external>(1633)
 --- modulename: _bootstrap_external, funcname: _path_join
<frozen importlib._bootstrap_external>(128)
<frozen importlib._bootstrap_external>(129)
<frozen importlib._bootstrap_external>(128)
<frozen importlib._bootstrap_external>(129)
<frozen importlib._bootstrap_external>(128)
<frozen importlib._bootstrap_external>(129)
<frozen importlib._bootstrap_external>(128)
<frozen importlib._bootstrap_external>(129)
<frozen importlib._bootstrap_external>(128)
<frozen importlib._bootstrap_external>(1636)
 --- modulename: _bootstrap, funcname: _verbose_message
<frozen importlib._bootstrap>(493)
<frozen importlib._bootstrap_external>(1637)
<frozen importlib._bootstrap_external>(1631)
<frozen importlib._bootstrap_external>(1632)
<frozen importlib._bootstrap_external>(1633)
 --- modulename: _bootstrap_external, funcname: _path_join
<frozen importlib._bootstrap_external>(128)
<frozen importlib._bootstrap_external>(129)
<frozen importlib._bootstrap_external>(128)
<frozen importlib._bootstrap_external>(129)
<frozen importlib._bootstrap_external>(128)
<frozen importlib._bootstrap_external>(129)
<frozen importlib._bootstrap_external>(128)
<frozen importlib._bootstrap_external>(129)
<frozen importlib._bootstrap_external>(128)
<frozen importlib._bootstrap_external>(1636)
 --- modulename: _bootstrap, funcname: _verbose_message
<frozen importlib._bootstrap>(493)
<frozen importlib._bootstrap_external>(1637)
<frozen importlib._bootstrap_external>(1631)
<frozen importlib._bootstrap_external>(1632)
<frozen importlib._bootstrap_external>(1633)
 --- modulename: _bootstrap_external, funcname: _path_join
<frozen importlib._bootstrap_external>(128)
<frozen importlib._bootstrap_external>(129)
<frozen importlib._bootstrap_external>(128)
<frozen importlib._bootstrap_external>(129)
<frozen importlib._bootstrap_external>(128)
<frozen importlib._bootstrap_external>(129)
<frozen importlib._bootstrap_external>(128)
<frozen importlib._bootstrap_external>(129)
<frozen importlib._bootstrap_external>(128)
<frozen importlib._bootstrap_external>(1636)
 --- modulename: _bootstrap, funcname: _verbose_message
<frozen importlib._bootstrap>(493)
<frozen importlib._bootstrap_external>(1637)
<frozen importlib._bootstrap_external>(1631)
<frozen importlib._bootstrap_external>(1641)
<frozen importlib._bootstrap_external>(1646)
<frozen importlib._bootstrap_external>(1507)
<frozen importlib._bootstrap_external>(1508)
<frozen importlib._bootstrap_external>(1501)
<frozen importlib._bootstrap_external>(1502)
<frozen importlib._bootstrap_external>(1504)
 --- modulename: _bootstrap_external, funcname: _path_importer_cache
<frozen importlib._bootstrap_external>(1481)
<frozen importlib._bootstrap_external>(1488)
<frozen importlib._bootstrap_external>(1489)
<frozen importlib._bootstrap_external>(1493)
<frozen importlib._bootstrap_external>(1505)
<frozen importlib._bootstrap_external>(1501)
<frozen importlib._bootstrap_external>(1502)
<frozen importlib._bootstrap_external>(1504)
 --- modulename: _bootstrap_external, funcname: _path_importer_cache
<frozen importlib._bootstrap_external>(1481)
<frozen importlib._bootstrap_external>(1488)
<frozen importlib._bootstrap_external>(1489)
<frozen importlib._bootstrap_external>(1493)
<frozen importlib._bootstrap_external>(1505)
<frozen importlib._bootstrap_external>(1506)
 --- modulename: _bootstrap_external, funcname: find_spec
<frozen importlib._bootstrap_external>(1602)
<frozen importlib._bootstrap_external>(1603)
<frozen importlib._bootstrap_external>(1604)
<frozen importlib._bootstrap_external>(1605)
 --- modulename: _bootstrap_external, funcname: _path_stat
<frozen importlib._bootstrap_external>(147)
<frozen importlib._bootstrap_external>(1608)
<frozen importlib._bootstrap_external>(1612)
 --- modulename: _bootstrap_external, funcname: _relax_case
<frozen importlib._bootstrap_external>(73)
<frozen importlib._bootstrap_external>(1616)
<frozen importlib._bootstrap_external>(1617)
<frozen importlib._bootstrap_external>(1619)
<frozen importlib._bootstrap_external>(1631)
<frozen importlib._bootstrap_external>(1632)
<frozen importlib._bootstrap_external>(1633)
 --- modulename: _bootstrap_external, funcname: _path_join
<frozen importlib._bootstrap_external>(128)
<frozen importlib._bootstrap_external>(129)
<frozen importlib._bootstrap_external>(128)
<frozen importlib._bootstrap_external>(129)
<frozen importlib._bootstrap_external>(128)
<frozen importlib._bootstrap_external>(129)
<frozen importlib._bootstrap_external>(128)
<frozen importlib._bootstrap_external>(129)
<frozen importlib._bootstrap_external>(128)
<frozen importlib._bootstrap_external>(1636)
 --- modulename: _bootstrap, funcname: _verbose_message
<frozen importlib._bootstrap>(493)
<frozen importlib._bootstrap_external>(1637)
<frozen importlib._bootstrap_external>(1631)
<frozen importlib._bootstrap_external>(1632)
<frozen importlib._bootstrap_external>(1633)
 --- modulename: _bootstrap_external, funcname: _path_join
<frozen importlib._bootstrap_external>(128)
<frozen importlib._bootstrap_external>(129)
<frozen importlib._bootstrap_external>(128)
<frozen importlib._bootstrap_external>(129)
<frozen importlib._bootstrap_external>(128)
<frozen importlib._bootstrap_external>(129)
<frozen importlib._bootstrap_external>(128)
<frozen importlib._bootstrap_external>(129)
<frozen importlib._bootstrap_external>(128)
<frozen importlib._bootstrap_external>(1636)
 --- modulename: _bootstrap, funcname: _verbose_message
<frozen importlib._bootstrap>(493)
<frozen importlib._bootstrap_external>(1637)
<frozen importlib._bootstrap_external>(1631)
<frozen importlib._bootstrap_external>(1632)
<frozen importlib._bootstrap_external>(1633)
 --- modulename: _bootstrap_external, funcname: _path_join
<frozen importlib._bootstrap_external>(128)
<frozen importlib._bootstrap_external>(129)
<frozen importlib._bootstrap_external>(128)
<frozen importlib._bootstrap_external>(129)
<frozen importlib._bootstrap_external>(128)
<frozen importlib._bootstrap_external>(129)
<frozen importlib._bootstrap_external>(128)
<frozen importlib._bootstrap_external>(129)
<frozen importlib._bootstrap_external>(128)
<frozen importlib._bootstrap_external>(1636)
 --- modulename: _bootstrap, funcname: _verbose_message
<frozen importlib._bootstrap>(493)
<frozen importlib._bootstrap_external>(1637)
<frozen importlib._bootstrap_external>(1631)
<frozen importlib._bootstrap_external>(1632)
<frozen importlib._bootstrap_external>(1633)
 --- modulename: _bootstrap_external, funcname: _path_join
<frozen importlib._bootstrap_external>(128)
<frozen importlib._bootstrap_external>(129)
<frozen importlib._bootstrap_external>(128)
<frozen importlib._bootstrap_external>(129)
<frozen importlib._bootstrap_external>(128)
<frozen importlib._bootstrap_external>(129)
<frozen importlib._bootstrap_external>(128)
<frozen importlib._bootstrap_external>(129)
<frozen importlib._bootstrap_external>(128)
<frozen importlib._bootstrap_external>(1636)
 --- modulename: _bootstrap, funcname: _verbose_message
<frozen importlib._bootstrap>(493)
<frozen importlib._bootstrap_external>(1637)
<frozen importlib._bootstrap_external>(1631)
<frozen importlib._bootstrap_external>(1632)
<frozen importlib._bootstrap_external>(1633)
 --- modulename: _bootstrap_external, funcname: _path_join
<frozen importlib._bootstrap_external>(128)
<frozen importlib._bootstrap_external>(129)
<frozen importlib._bootstrap_external>(128)
<frozen importlib._bootstrap_external>(129)
<frozen importlib._bootstrap_external>(128)
<frozen importlib._bootstrap_external>(129)
<frozen importlib._bootstrap_external>(128)
<frozen importlib._bootstrap_external>(129)
<frozen importlib._bootstrap_external>(128)
<frozen importlib._bootstrap_external>(1636)
 --- modulename: _bootstrap, funcname: _verbose_message
<frozen importlib._bootstrap>(493)
<frozen importlib._bootstrap_external>(1637)
<frozen importlib._bootstrap_external>(1631)
<frozen importlib._bootstrap_external>(1641)
<frozen importlib._bootstrap_external>(1646)
<frozen importlib._bootstrap_external>(1507)
<frozen importlib._bootstrap_external>(1508)
<frozen importlib._bootstrap_external>(1501)
<frozen importlib._bootstrap_external>(1502)
<frozen importlib._bootstrap_external>(1504)
 --- modulename: _bootstrap_external, funcname: _path_importer_cache
<frozen importlib._bootstrap_external>(1481)
<frozen importlib._bootstrap_external>(1488)
<frozen importlib._bootstrap_external>(1489)
<frozen importlib._bootstrap_external>(1493)
<frozen importlib._bootstrap_external>(1505)
<frozen importlib._bootstrap_external>(1506)
 --- modulename: _bootstrap_external, funcname: find_spec
<frozen importlib._bootstrap_external>(1602)
<frozen importlib._bootstrap_external>(1603)
<frozen importlib._bootstrap_external>(1604)
<frozen importlib._bootstrap_external>(1605)
 --- modulename: _bootstrap_external, funcname: _path_stat
<frozen importlib._bootstrap_external>(147)
<frozen importlib._bootstrap_external>(1608)
<frozen importlib._bootstrap_external>(1612)
 --- modulename: _bootstrap_external, funcname: _relax_case
<frozen importlib._bootstrap_external>(73)
<frozen importlib._bootstrap_external>(1616)
<frozen importlib._bootstrap_external>(1617)
<frozen importlib._bootstrap_external>(1619)
<frozen importlib._bootstrap_external>(1631)
<frozen importlib._bootstrap_external>(1632)
<frozen importlib._bootstrap_external>(1633)
 --- modulename: _bootstrap_external, funcname: _path_join
<frozen importlib._bootstrap_external>(128)
<frozen importlib._bootstrap_external>(129)
<frozen importlib._bootstrap_external>(128)
<frozen importlib._bootstrap_external>(129)
<frozen importlib._bootstrap_external>(128)
<frozen importlib._bootstrap_external>(129)
